entid,Action_Grade,ENTTYPE,INDUSTRYPHY,RECCAP,Social,Inconfidence,CaseType
122697049,15.0,10,9,4700000.0,0.0,0.0,2
959830672,15.0,5,11,1000.0,0.0,0.0,1
564421968,10.0,8,12,5000.0,0.0,1.0,1
620868429,10.0,8,9,10000.0,0.0,0.0,2
1176966297,10.0,55,11,3000.0,0.0,0.0,2
1176966297,10.0,55,11,3000.0,0.0,0.0,2
1176966297,10.0,55,11,3000.0,0.0,0.0,2
658987796,15.0,3,11,500.0,0.0,0.0,1
1189216366,13.0,6,11,200.0,0.0,0.0,2
1189216366,13.0,6,11,200.0,0.0,0.0,2
1002985609,10.0,3,11,1000.0,0.0,0.0,2
366200269,10.0,5,16,100.0,0.0,0.0,1
959453158,10.0,3,11,4800.0,0.0,0.0,1
1114628681,10.0,3,11,200.0,0.0,0.0,1
191956142,10.0,5,7,450.0,0.0,0.0,1
805505073,10.0,8,11,31000.0,0.0,0.0,2
805505073,10.0,8,11,31000.0,0.0,0.0,2
805505073,10.0,8,11,31000.0,0.0,0.0,2
127466506,10.0,28,9,0.0,0.0,0.0,1
103517987,10.0,35,2,83.7,0.0,0.0,1
927879748,10.0,18,9,0.0,0.0,0.0,3
923269747,15.0,3,11,1000.0,0.0,0.0,3
142691942,10.0,3,11,110.0,0.0,0.0,3
359609594,10.0,32,9,0.0,0.0,0.0,3
408215553,10.0,28,9,0.0,0.0,0.0,3
829944891,10.0,27,9,0.0,0.0,0.0,3
337502360,10.0,55,10,0.0,0.0,0.0,3
699365643,10.0,3,11,1000.0,0.0,0.0,3
755521214,10.0,3,11,6000.0,0.0,0.0,3
731050139,10.0,13,9,0.0,0.0,0.0,2
1222373856,10.0,3,11,7000.0,0.0,0.0,3
725698768,15.0,28,9,0.0,0.0,0.0,3
936352630,15.0,28,9,0.0,0.0,0.0,3
812917663,15.0,3,4,300.0,0.0,0.0,1
606816694,10.0,7,11,300.0,0.0,0.0,3
1031153973,10.0,3,11,3.0,0.0,0.0,3
221832261,10.0,3,9,3700.0,0.0,0.0,3
284392751,10.0,58,0,0.0,0.0,0.0,1
635899624,10.0,27,9,0.0,0.0,0.0,3
1231967447,10.0,27,9,0.0,0.0,0.0,3
100195671,10.0,3,9,1000.0,0.0,0.0,3
342760793,10.0,32,8,5.0,0.0,0.0,3
954239726,10.0,3,11,0.0,0.0,0.0,0
954239726,10.0,3,11,0.0,0.0,0.0,0
1032764109,10.0,5,11,2000.0,0.0,0.0,3
283120087,15.0,4,9,20000.0,0.0,0.0,3
1133220134,10.0,4,11,0.0,0.0,0.0,3
873360537,10.0,8,11,1280.0,0.0,0.0,3
133252686,10.0,3,9,0.0,0.0,0.0,3
334660907,15.0,28,9,0.0,0.0,0.0,3
348703566,10.0,27,9,0.0,0.0,1.0,3
482244002,10.0,3,5,500.0,0.0,0.0,3
102673201,10.0,3,11,5000.0,0.0,0.0,3
693676134,10.0,33,9,0.0,0.0,0.0,3
516212728,10.0,3,11,1000.0,0.0,0.0,3
252045506,10.0,3,11,1000.0,0.0,0.0,3
1007251516,15.0,7,11,21998.4,0.0,0.0,3
341104627,10.0,3,11,3000.0,0.0,0.0,3
220448783,10.0,3,11,0.0,0.0,0.0,3
516820430,10.0,3,11,8423.0,0.0,0.0,0
211101804,10.0,3,8,110.0,0.0,1.0,3
547440553,10.0,3,11,1000.0,0.0,0.0,3
740244329,8.0,3,11,110.0,0.0,0.0,3
691454697,10.0,3,11,100.0,0.0,0.0,3
1112373491,10.0,28,9,0.0,0.0,0.0,3
971092189,10.0,27,9,0.0,0.0,0.0,3
232565764,10.0,33,8,0.0,0.0,0.0,3
25283915,10.0,39,9,0.0,0.0,0.0,3
219381665,10.0,3,11,0.0,0.0,0.0,3
575004686,10.0,3,11,100.0,0.0,0.0,3
36393553,10.0,3,11,100.0,0.0,0.0,3
64662931,10.0,28,9,0.0,0.0,0.0,3
1201305728,10.0,35,9,8.0,0.0,1.0,2
423078773,10.0,39,2,6.0,0.0,0.0,3
166396479,10.0,3,14,3000.0,0.0,0.0,3
549310412,10.0,27,9,0.0,0.0,0.0,1
533954281,10.0,5,11,50.0,0.0,0.0,3
790901023,10.0,22,9,0.0,0.0,0.0,3
439588592,10.0,3,11,3000.0,0.0,0.0,3
819159156,10.0,3,11,100.0,0.0,0.0,3
774143406,10.0,3,11,200.0,0.0,0.0,3
643995819,10.0,45,5,30.0,0.0,0.0,1
312112730,10.0,5,11,10.0,0.0,0.0,3
221711104,10.0,3,11,6000.0,3.6,0.0,2
858710610,10.0,3,11,0.0,0.0,0.0,3
989495682,10.0,3,11,0.0,0.0,0.0,3
24295028,10.0,1,11,10000.0,0.0,0.0,3
532580930,10.0,3,11,1000.0,0.0,0.0,3
100724777,10.0,5,9,3000.0,0.0,0.0,3
1113909111,10.0,3,11,3.0,0.0,0.0,3
185127097,10.0,45,7,0.0,0.0,0.0,3
916447957,10.0,3,11,15000.0,0.0,0.0,3
1027568465,10.0,44,11,550.0,0.0,0.0,3
748718009,10.0,3,9,0.0,0.0,0.0,3
982196289,10.0,3,11,50.0,0.0,0.0,3
210167448,10.0,44,11,0.0,0.0,0.0,3
955997658,10.0,5,11,0.0,0.0,0.0,3
332305361,10.0,3,11,300.0,0.0,0.0,3
1001226199,10.0,5,11,0.0,0.0,0.0,3
1190925362,10.0,44,11,0.0,0.0,0.0,3
581046359,10.0,44,11,0.0,0.0,0.0,3
1034982777,10.0,3,12,1000.0,0.0,0.0,3
909295164,10.0,7,9,200.0,0.0,0.0,3
887911034,10.0,3,11,0.0,0.0,0.0,3
896254795,10.0,3,11,10000.0,0.0,0.0,3
1103426680,15.0,3,9,0.0,0.0,1.0,3
1079431533,10.0,27,9,0.0,0.0,0.0,3
387113835,10.0,47,9,210.0,0.0,0.0,3
127746,10.0,3,11,1000.0,0.0,0.0,3
65683190,10.0,1,11,6000.0,0.0,0.0,3
411188025,10.0,3,11,3.0,0.0,0.0,3
632694374,10.0,3,11,10.0,0.0,0.0,3
920939603,10.0,3,11,0.0,0.0,0.0,3
594662985,10.0,5,11,5000.0,0.0,0.0,3
1223495456,10.0,3,11,2000.0,0.0,0.0,3
982108430,10.0,17,11,0.0,0.0,0.0,3
786901755,10.0,3,11,20.0,0.0,0.0,3
890691479,10.0,3,11,20.0,0.0,0.0,3
252988494,10.0,3,11,100.0,0.0,0.0,3
944659388,10.0,3,11,2000.0,0.0,0.0,3
1212253508,10.0,7,11,2000.0,0.0,0.0,3
1190939067,10.0,3,11,500.0,0.0,0.0,3
190939668,10.0,5,11,0.0,0.0,0.0,3
662876209,10.0,3,11,0.0,0.0,0.0,3
487814001,10.0,3,11,0.0,0.0,0.0,3
1151638109,10.0,3,11,0.0,0.0,0.0,3
896252612,10.0,5,16,0.0,0.0,0.0,3
189295442,10.0,3,11,10.0,0.0,0.0,3
922667663,10.0,5,11,0.0,0.0,0.0,3
219277588,10.0,3,11,500.0,0.0,0.0,3
722415296,10.0,3,11,0.0,0.0,0.0,3
47765794,10.0,3,11,2000.0,0.0,0.0,3
1074939474,10.0,3,11,2000.0,0.0,0.0,3
1085075577,10.0,17,9,0.0,0.0,0.0,3
661542888,10.0,5,11,0.0,0.0,0.0,3
615010244,10.0,3,9,0.0,0.0,0.0,3
601440257,10.0,3,11,1000.0,0.0,0.0,3
98897555,10.0,3,9,0.0,0.0,0.0,3
359148977,10.0,5,11,0.0,0.0,0.0,3
773782695,10.0,5,11,0.0,0.0,0.0,3
777755253,10.0,27,9,0.0,0.0,0.0,3
934595872,10.0,3,11,3239.0,0.0,0.0,3
966961259,10.0,24,9,0.0,0.0,0.0,3
315181301,10.0,3,11,0.0,0.0,0.0,3
701756227,10.0,51,9,0.0,0.0,0.0,3
364364966,10.0,17,11,0.0,0.0,0.0,3
604201658,10.0,28,9,0.0,0.0,0.0,3
1100869661,10.0,3,12,10.0,0.0,0.0,3
73384809,10.0,5,9,20.0,0.0,0.0,3
1102534779,10.0,3,11,2000.0,0.0,0.0,0
1180550222,10.0,8,11,500.0,0.0,0.0,3
148194467,10.0,3,11,300.0,0.0,0.0,0
176043597,10.0,3,11,100.0,0.0,0.0,3
75481607,10.0,5,11,0.0,0.0,0.0,3
138665184,10.0,3,11,0.0,0.0,0.0,3
224078802,10.0,16,11,0.0,0.0,0.0,3
82117723,10.0,5,11,0.0,0.0,0.0,3
1041614706,10.0,51,9,0.0,0.0,0.0,3
651350596,10.0,5,11,0.0,0.0,0.0,3
1037276358,10.0,3,11,0.0,0.0,0.0,3
813963206,10.0,17,11,0.0,0.0,0.0,3
108551665,10.0,27,9,0.0,0.0,0.0,3
277248694,10.0,14,11,30000.0,0.0,0.0,3
1116063280,10.0,5,11,500.0,0.0,0.0,3
15678213,10.0,12,11,0.0,0.0,0.0,3
1220196703,10.0,3,9,0.0,0.0,0.0,3
640968401,10.0,6,11,6000.0,0.0,0.0,3
256615940,10.0,5,11,0.0,0.0,0.0,3
1066230471,10.0,3,0,3080.0,0.0,0.0,3
785979544,15.0,3,11,2000.0,0.0,0.0,3
472401174,10.0,7,11,0.0,0.0,0.0,3
754806435,10.0,13,11,0.0,0.0,0.0,3
193764953,10.0,5,11,0.0,0.0,0.0,3
137887832,10.0,5,11,50.0,0.0,0.0,3
563543209,10.0,3,11,200.0,0.0,0.0,3
320133386,15.0,27,9,0.0,0.0,0.0,3
167537706,10.0,5,11,0.0,0.0,0.0,3
608621770,10.0,3,11,500.0,0.0,0.0,3
957798659,10.0,3,11,500.0,0.0,0.0,3
932639370,10.0,3,10,3.0,0.0,0.0,3
87460021,10.0,3,11,0.0,0.0,0.0,3
1049675770,10.0,16,9,0.0,0.0,0.0,3
972256210,10.0,5,11,0.0,0.0,0.0,3
542928036,10.0,3,11,0.0,0.0,0.0,3
470090013,10.0,5,11,0.0,0.0,0.0,3
848068003,10.0,5,11,10.0,0.0,0.0,3
777389681,10.0,3,11,5000.0,0.0,0.0,3
728197693,10.0,3,11,500.0,0.0,0.0,3
213804497,10.0,3,11,0.0,0.0,0.0,3
1090257579,10.0,3,11,500.0,0.0,0.0,3
134161471,10.0,3,11,3000.0,0.0,0.0,3
109252429,10.0,3,11,500.0,0.0,0.0,3
1010536331,10.0,3,11,500.0,0.0,0.0,3
1183612658,10.0,3,11,1000.0,0.0,0.0,3
871120598,10.0,3,11,0.0,0.0,0.0,3
869389017,10.0,5,11,500.0,0.0,0.0,3
758012511,10.0,3,11,1000.0,0.0,0.0,3
1151486512,10.0,3,11,0.0,0.0,0.0,3
901159650,10.0,5,9,0.0,0.0,0.0,3
55745086,10.0,3,11,1150.0,0.0,0.0,3
763566074,10.0,3,11,50.0,0.0,0.0,3
1133313391,10.0,5,9,10.0,0.0,0.0,3
1145631240,10.0,5,11,100.0,0.0,0.0,3
272730092,15.0,8,11,50000.0,0.0,0.0,3
996937902,10.0,3,11,450.0,0.0,0.0,3
115339998,10.0,3,5,50.0,0.0,0.0,3
897522411,10.0,3,11,10.0,0.0,0.0,3
493833765,10.0,5,11,480.0,0.0,0.0,3
215297274,10.0,17,11,0.0,0.0,0.0,3
477609768,10.0,17,11,0.0,0.0,0.0,3
181520887,10.0,27,9,0.0,0.0,0.0,3
1201326906,10.0,5,11,0.0,0.0,0.0,3
1088282626,10.0,3,11,0.0,0.0,0.0,3
109197793,10.0,5,11,0.0,0.0,0.0,3
677486778,10.0,16,11,0.0,0.0,0.0,3
842321361,10.0,3,11,10.0,0.0,0.0,3
195013822,10.0,5,11,100.0,0.0,0.0,3
758105004,10.0,3,11,0.0,0.0,0.0,3
769345668,10.0,5,11,0.0,0.0,0.0,3
304078443,10.0,3,11,10.0,0.0,0.0,3
379616714,10.0,3,11,3.0,0.0,0.0,3
672691887,10.0,3,11,20.0,0.0,0.0,3
689807604,10.0,3,11,50.0,0.0,0.0,3
225865950,10.0,3,11,50.0,0.0,0.0,0
560635202,10.0,3,9,0.0,0.0,0.0,3
85625020,10.0,17,11,0.0,0.0,0.0,3
332412177,10.0,3,11,50.0,0.0,0.0,3
950964030,10.0,5,11,30.0,0.0,0.0,3
351807698,10.0,5,11,100.0,0.0,0.0,3
122220175,10.0,3,11,0.0,0.0,0.0,3
1164000197,10.0,3,11,3.0,0.0,0.0,3
749517298,10.0,3,11,100.0,0.0,0.0,3
392624698,10.0,17,11,0.0,0.0,0.0,3
29156211,10.0,3,11,490.0,0.0,0.0,3
1201058246,10.0,3,11,600.0,0.0,0.0,3
275122329,10.0,3,14,20.0,0.0,0.0,3
21702078,10.0,3,11,0.0,0.0,0.0,3
763126220,10.0,21,11,0.0,0.0,0.0,3
521978266,10.0,3,11,1000.0,0.0,0.0,3
530658986,10.0,5,11,0.0,0.0,0.0,3
19612741,10.0,3,11,5000.0,0.0,0.0,3
907519372,10.0,3,11,300.0,0.0,0.0,0
907519372,10.0,3,11,300.0,0.0,0.0,0
808713634,10.0,8,11,30.0,0.0,0.0,3
747756688,10.0,23,9,0.0,0.0,0.0,3
150872418,10.0,3,11,0.0,0.0,0.0,3
534061844,15.0,16,9,0.0,0.0,0.0,3
541611389,10.0,51,9,0.0,0.0,0.0,3
16370806,10.0,3,11,50.0,0.0,0.0,3
163955432,10.0,3,11,0.0,0.0,0.0,3
267064445,10.0,7,11,6000.0,0.0,0.0,3
753544918,10.0,7,11,2000.0,0.0,0.0,3
779872233,10.0,3,11,100.0,0.0,0.0,3
613690678,10.0,17,11,0.0,0.0,0.0,3
35566715,10.0,57,11,0.0,0.0,0.0,0
137040147,10.0,3,9,0.0,0.0,0.0,3
462629255,10.0,21,11,0.0,0.0,0.0,3
1036107901,10.0,8,11,0.0,0.0,0.0,3
370924930,10.0,5,11,0.0,0.0,0.0,3
473603328,10.0,3,11,50.0,0.0,0.0,3
1126948899,10.0,3,11,50.0,0.0,0.0,3
1094770755,10.0,3,11,100.0,0.0,0.0,3
849377837,10.0,3,11,2000.0,0.0,0.0,3
779853295,10.0,8,11,5000.0,0.0,0.0,3
1074043626,10.0,3,11,2000.0,0.0,0.0,3
661278803,10.0,3,11,1100.0,0.0,0.0,3
605679896,10.0,3,11,800.0,0.0,0.0,3
579589393,10.0,8,11,0.0,0.0,0.0,3
12797847,10.0,17,11,0.0,0.0,0.0,3
636191915,10.0,3,11,20.0,0.0,0.0,3
371360255,10.0,5,11,20.0,0.0,0.0,3
113560248,10.0,5,9,0.0,0.0,0.0,3
288764239,10.0,5,11,10.0,0.0,0.0,3
334658801,10.0,3,11,0.0,0.0,0.0,3
967660196,10.0,3,11,0.0,0.0,0.0,3
380623635,10.0,3,11,0.0,0.0,0.0,3
889468478,10.0,3,11,10.0,0.0,0.0,3
398431409,10.0,3,5,3.0,0.0,0.0,3
625243944,10.0,3,11,1000.0,0.0,0.0,3
980472682,10.0,17,9,0.0,0.0,0.0,3
1203938154,10.0,3,9,200.0,0.0,0.0,3
691834047,10.0,3,11,50.0,0.0,0.0,3
1179998601,10.0,3,11,490.0,0.0,0.0,3
1222676313,10.0,3,11,5.0,0.0,0.0,3
576223938,10.0,5,11,50.0,0.0,0.0,3
580309977,10.0,5,11,50.0,0.0,0.0,3
1021133736,10.0,3,11,100.0,0.0,0.0,3
566709980,10.0,3,11,50.0,0.0,0.0,3
1087388731,10.0,3,11,100.0,0.0,0.0,3
300801599,10.0,3,11,3.0,0.0,0.0,3
305088290,10.0,3,11,10.0,0.0,0.0,3
1163686299,10.0,5,11,10.0,0.0,0.0,3
1063012839,10.0,3,11,30.0,0.0,0.0,3
98881159,10.0,3,9,0.0,0.0,0.0,3
632218956,10.0,5,11,0.0,0.0,0.0,3
471073634,10.0,3,11,0.0,0.0,0.0,3
204164781,10.0,3,11,100.0,0.0,0.0,3
361556788,10.0,3,11,10.0,0.0,0.0,3
225802790,10.0,3,11,100.0,0.0,0.0,3
974430232,10.0,3,11,50.0,0.0,0.0,3
1222959861,10.0,3,11,0.0,0.0,0.0,3
925143437,10.0,3,9,0.0,0.0,0.0,3
188029906,10.0,1,11,5000.0,0.0,0.0,3
353843619,10.0,3,11,490.0,0.0,0.0,3
519239830,10.0,17,11,0.0,0.0,0.0,3
1153663696,10.0,22,5,0.0,0.0,0.0,3
85055244,10.0,3,11,88.0,0.0,0.0,3
140294893,10.0,27,9,0.0,0.0,0.0,3
838865206,10.0,3,11,0.0,0.0,0.0,3
1063798897,10.0,5,11,0.0,0.0,0.0,3
1187619116,10.0,5,11,50.0,0.0,0.0,3
58165557,10.0,3,11,200.0,0.0,0.0,3
1211146226,10.0,3,11,0.0,0.0,0.0,3
766781991,10.0,3,11,40.0,0.0,1.0,3
1011668876,10.0,5,11,50.0,0.0,0.0,3
176707190,10.0,17,9,0.0,0.0,0.0,3
8821659,10.0,3,11,50.0,0.0,0.0,3
1005484133,10.0,3,11,0.0,0.0,0.0,3
731471307,10.0,3,11,0.0,0.0,0.0,3
486942015,10.0,3,11,0.0,0.0,0.0,3
865589621,10.0,5,11,10.0,0.0,0.0,3
6661687,10.0,3,11,0.0,0.0,0.0,3
514427770,10.0,5,11,490.0,0.0,0.0,3
687207095,10.0,5,11,0.0,0.0,0.0,3
138410002,10.0,19,11,0.0,0.0,0.0,3
1163008218,10.0,3,11,3.0,0.0,0.0,3
802576866,10.0,3,11,200.0,0.0,0.0,3
887502847,10.0,3,11,0.0,0.0,0.0,3
133746071,10.0,3,11,10.0,0.0,0.0,3
1152039403,10.0,3,11,0.0,0.0,0.0,3
77539620,10.0,3,11,5000.0,0.0,0.0,3
943655309,10.0,5,11,100.0,0.0,0.0,0
1179650368,10.0,3,11,0.0,0.0,0.0,3
825085781,10.0,3,11,1000.0,0.0,0.0,3
1005387686,10.0,5,11,0.0,0.0,0.0,3
716838666,10.0,3,11,0.0,0.0,0.0,3
1191254660,10.0,5,11,50.0,0.0,0.0,3
497196864,10.0,5,11,0.0,0.0,0.0,3
690111956,10.0,5,11,0.0,0.0,0.0,3
532386625,10.0,5,11,20.0,0.0,0.0,3
460609992,10.0,17,11,0.0,0.0,0.0,3
470602015,10.0,5,11,0.0,0.0,0.0,3
860188978,10.0,3,11,490.0,0.0,0.0,3
1058552500,10.0,3,11,300.0,0.0,0.0,3
1094485325,10.0,3,11,0.0,0.0,0.0,3
923931235,10.0,19,11,0.0,0.0,0.0,3
325362643,10.0,44,11,0.0,0.0,0.0,0
635706789,10.0,5,9,0.0,0.0,0.0,3
6752179,15.0,27,9,0.0,0.0,0.0,3
38313730,10.0,3,11,0.0,0.0,0.0,3
1064971831,10.0,3,11,200.0,0.0,0.0,3
1155942293,15.0,25,9,0.0,0.0,0.0,3
944041827,10.0,3,11,0.0,0.0,0.0,3
297840921,10.0,27,9,0.0,0.0,0.0,3
135026013,10.0,5,11,0.0,0.0,0.0,3
881639012,10.0,22,11,0.0,0.0,0.0,3
507433114,10.0,31,9,0.0,0.0,0.0,3
99774355,10.0,17,11,0.0,0.0,0.0,3
905790224,10.0,5,11,0.0,0.0,0.0,3
596716081,10.0,8,11,0.0,0.0,1.0,3
471931044,10.0,3,11,0.0,0.0,0.0,3
424007840,10.0,5,9,0.0,0.0,0.0,3
1057417896,10.0,3,11,0.0,0.0,0.0,3
1165654536,10.0,7,4,30000.0,0.0,0.0,3
854368587,10.0,17,11,0.0,0.0,0.0,3
172705492,10.0,3,11,0.0,0.0,0.0,3
1003786822,10.0,5,11,10.0,0.0,0.0,3
1141604708,10.0,5,11,0.0,0.0,0.0,0
1218459383,10.0,3,11,10.0,0.0,0.0,3
274537741,10.0,3,11,0.0,0.0,0.0,3
1162881188,10.0,3,11,3.0,0.0,0.0,3
464489452,10.0,3,11,3.0,0.0,0.0,3
146477661,10.0,3,11,50.0,0.0,0.0,3
691939625,10.0,5,11,0.0,0.0,0.0,3
97599295,10.0,3,11,0.0,0.0,0.0,3
1151926621,10.0,5,11,0.0,0.0,0.0,3
1149932031,10.0,5,11,0.0,0.0,0.0,3
384974106,10.0,3,11,3.0,0.0,0.0,3
207370900,10.0,3,11,0.0,0.0,0.0,3
812482882,10.0,16,9,0.0,0.0,0.0,0
388851900,10.0,3,11,0.0,0.0,0.0,3
634924543,10.0,3,11,0.0,0.0,1.0,3
489081781,15.0,27,9,0.0,0.0,0.0,3
972603126,10.0,5,11,0.0,0.0,0.0,3
893839911,10.0,5,11,0.0,0.0,0.0,3
569311652,10.0,5,11,0.0,0.0,0.0,3
938735146,10.0,5,11,0.0,0.0,0.0,3
280380005,10.0,3,11,1000.0,0.0,0.0,3
747551895,10.0,17,9,0.0,0.0,0.0,3
950477262,10.0,1,11,2000.0,0.0,0.0,3
104687734,10.0,43,11,0.0,0.0,0.0,0
1067030732,10.0,5,11,10.0,0.0,0.0,3
352833104,10.0,3,11,0.0,0.0,0.0,3
694935190,10.0,3,11,0.0,0.0,0.0,3
814750034,10.0,3,11,1000.0,0.0,0.0,3
705054375,10.0,5,11,0.0,0.0,0.0,3
39148641,10.0,3,11,0.0,0.0,0.0,3
213159696,10.0,5,11,0.0,0.0,0.0,3
670991159,10.0,3,11,3.0,0.0,0.0,3
952315954,10.0,5,9,10.0,0.0,0.0,3
462279813,10.0,5,11,0.0,0.0,0.0,3
1127446955,10.0,3,11,0.0,0.0,1.0,3
781920232,10.0,5,11,0.0,0.0,0.0,3
893764247,10.0,3,11,3.0,0.0,0.0,3
307832564,10.0,5,11,0.0,0.0,0.0,3
864229628,10.0,5,11,0.0,0.0,0.0,3
1233722231,10.0,17,11,0.0,0.0,0.0,3
773026940,10.0,5,11,0.0,0.0,0.0,3
57508129,10.0,3,11,100.0,0.0,0.0,3
226791803,10.0,5,9,10.0,0.0,0.0,3
722657309,10.0,5,11,20.0,0.0,0.0,3
385324331,10.0,3,11,10.0,0.0,0.0,3
363413732,10.0,5,11,0.0,0.0,0.0,3
536607799,10.0,3,11,0.0,0.0,0.0,3
77287261,10.0,5,11,0.0,0.0,0.0,3
48139721,10.0,3,11,100.0,0.0,0.0,0
540725588,10.0,5,9,10.0,0.0,0.0,3
997864454,10.0,5,11,10.0,0.0,0.0,3
420128370,10.0,5,11,10.0,0.0,0.0,3
1107494464,10.0,3,11,3.0,0.0,0.0,3
217269397,10.0,5,11,50.0,0.0,0.0,3
120016698,10.0,5,9,0.0,0.0,0.0,3
925193355,10.0,5,11,0.0,0.0,0.0,0
682636,10.0,5,11,0.0,0.0,0.0,3
889215358,10.0,3,11,3.0,0.0,0.0,3
915691115,10.0,17,11,0.0,0.0,0.0,3
1026610675,10.0,17,11,0.0,0.0,0.0,3
708296085,10.0,5,11,0.0,0.0,0.0,3
494655806,10.0,17,11,0.0,0.0,0.0,3
198645614,15.0,3,11,66.0,0.0,0.0,3
1082685891,10.0,5,11,0.0,0.0,0.0,3
1042476978,10.0,17,10,0.0,0.0,0.0,3
836262811,10.0,3,11,3.0,0.0,0.0,3
1093842360,10.0,5,11,0.0,0.0,0.0,3
899638937,10.0,5,11,0.0,0.0,0.0,3
795779742,10.0,3,11,3.0,0.0,0.0,0
1132229515,10.0,5,10,0.0,0.0,1.0,3
663195445,10.0,3,11,0.0,0.0,0.0,3
173608654,10.0,17,9,0.0,0.0,0.0,3
1117215786,10.0,5,11,0.0,0.0,0.0,3
434369652,10.0,3,9,0.0,0.0,0.0,3
109349946,10.0,5,11,0.0,0.0,0.0,3
770023067,10.0,3,11,0.0,0.0,0.0,3
320426589,10.0,19,11,0.0,0.0,0.0,3
1020595851,10.0,3,11,0.0,0.0,0.0,3
923259323,10.0,5,11,0.0,0.0,0.0,3
707959011,10.0,17,11,0.0,0.0,0.0,3
1159985852,10.0,5,9,0.0,0.0,0.0,3
450806114,10.0,5,9,0.0,0.0,0.0,3
710072547,10.0,3,11,3000.0,0.0,0.0,3
729451269,10.0,3,11,0.0,0.0,0.0,3
412259756,10.0,3,11,0.0,0.0,0.0,3
376845234,15.0,23,9,0.0,0.0,0.0,3
1183470458,10.0,3,11,0.0,0.0,0.0,3
720509517,10.0,3,8,3.0,0.0,0.0,3
323717895,10.0,19,11,0.0,0.0,0.0,3
885727648,10.0,5,11,0.0,0.0,0.0,3
75056894,10.0,3,11,0.0,0.0,0.0,3
379903178,10.0,5,10,0.0,0.0,0.0,3
208602029,10.0,3,11,2000.0,0.0,0.0,3
379192079,10.0,3,9,60.0,0.0,0.0,3
391577769,10.0,5,11,0.0,0.0,0.0,3
169464023,10.0,5,11,70000.0,0.0,0.0,3
100233421,10.0,3,11,0.0,0.0,0.0,3
362903000,10.0,6,2,1000.0,0.0,0.0,3
1203402911,10.0,17,11,0.0,0.0,0.0,3
286859787,10.0,5,9,40.0,0.0,0.0,3
932526009,10.0,3,11,100.0,0.0,0.0,3
237634336,10.0,3,9,10.0,0.0,0.0,3
885686552,10.0,17,11,0.0,0.0,0.0,3
959080401,10.0,3,11,10.0,0.0,0.0,3
183833080,10.0,3,11,100.0,0.0,0.0,3
170330044,10.0,3,11,0.0,0.0,0.0,3
919169251,10.0,5,11,10.0,0.0,0.0,3
742400980,10.0,3,11,3.0,0.0,0.0,3
849285849,10.0,3,11,0.0,0.0,0.0,3
142676695,10.0,3,9,600.0,0.0,1.0,3
255617404,10.0,17,11,0.0,0.0,0.0,3
744113346,10.0,5,11,0.0,0.0,0.0,3
841541151,10.0,3,11,10.0,0.0,0.0,3
997431433,10.0,17,11,0.0,0.0,0.0,3
959410697,10.0,5,11,0.0,0.0,0.0,3
332785190,10.0,3,11,0.0,0.0,0.0,3
1030735457,10.0,5,11,20.0,0.0,0.0,3
201608143,10.0,5,10,0.0,0.0,0.0,3
1065599506,10.0,3,11,0.0,0.0,0.0,3
704862560,10.0,14,9,0.0,0.0,0.0,3
1066984012,15.0,5,11,0.0,0.0,0.0,3
676421585,10.0,3,11,0.0,0.0,0.0,3
967318809,10.0,5,9,10.0,0.0,0.0,3
224125503,10.0,5,9,10.0,0.0,0.0,3
799568105,10.0,5,11,0.0,0.0,0.0,0
922231918,10.0,25,9,0.0,0.0,0.0,3
647570801,10.0,49,11,0.0,0.0,0.0,3
417928253,10.0,3,11,1000.0,0.0,0.0,3
190741069,10.0,7,11,10000.0,0.0,0.0,3
1051752215,10.0,5,11,10.0,0.0,0.0,3
69864218,10.0,5,11,300.0,0.0,0.0,3
1018494927,10.0,5,11,10.0,0.0,1.0,3
136649949,10.0,30,9,0.0,0.0,0.0,0
619642009,10.0,27,3,0.0,0.0,0.0,3
586195456,10.0,57,9,0.0,0.0,0.0,3
915092028,10.0,3,11,500.0,0.0,1.0,3
289406577,10.0,5,9,10.0,0.0,1.0,3
1028027711,10.0,17,11,0.0,0.0,0.0,0
210383067,10.0,3,11,10.0,0.0,0.0,3
1151359164,10.0,5,11,0.0,0.0,0.0,3
38245912,10.0,5,9,0.0,0.0,1.0,3
970738170,10.0,5,11,0.0,0.0,0.0,3
254014915,10.0,3,8,11.0,0.0,0.0,3
1116658045,10.0,5,11,0.0,0.0,0.0,3
527302025,10.0,5,9,0.0,0.0,0.0,3
739577462,10.0,3,11,0.0,0.0,0.0,3
365922999,10.0,5,11,10.0,0.0,0.0,3
8485337,10.0,3,9,1000.0,0.0,0.0,3
468888250,10.0,25,9,0.0,0.0,0.0,3
1085726638,10.0,5,11,10.0,0.0,0.0,3
140245352,10.0,5,11,100.0,0.0,0.0,3
620591783,10.0,5,11,0.0,0.0,0.0,3
1005435467,10.0,3,11,0.0,0.0,0.0,3
366545916,10.0,3,11,3.0,0.0,0.0,3
460199986,10.0,5,11,10.0,0.0,0.0,3
1017492578,10.0,17,9,0.0,0.0,0.0,3
5025536,10.0,3,11,5.0,0.0,0.0,3
1185979689,15.0,31,9,0.0,0.0,0.0,3
552644395,10.0,5,11,10.0,0.0,0.0,3
49593012,10.0,5,11,0.0,0.0,0.0,3
1085932784,10.0,5,11,0.0,0.0,0.0,3
327447823,10.0,1,11,500.0,0.0,0.0,3
565113965,10.0,5,11,50.0,0.0,1.0,3
194970450,10.0,3,11,1000.0,0.0,0.0,3
590790420,10.0,5,11,10.0,0.0,0.0,3
195815638,10.0,5,11,10.0,0.0,0.0,3
1188467492,10.0,3,11,5000.0,0.0,0.0,3
27666724,10.0,8,11,500.0,0.0,0.0,3
901185712,10.0,5,11,0.0,0.0,0.0,3
1054297235,10.0,5,11,0.0,0.0,0.0,3
407546436,10.0,5,11,0.0,0.0,0.0,3
380197125,10.0,5,11,0.0,0.0,0.0,3
862518655,10.0,51,9,0.0,0.0,0.0,3
170154605,10.0,5,11,0.0,0.0,0.0,3
1128714156,10.0,3,11,50.0,0.0,0.0,3
11578219,10.0,5,11,0.0,0.0,0.0,3
1106791339,10.0,5,11,0.0,0.0,0.0,3
103538899,10.0,5,11,50.0,0.0,0.0,3
94136991,10.0,22,11,0.0,0.0,0.0,3
1077119028,10.0,48,11,0.0,0.0,0.0,3
285828433,10.0,5,11,0.0,0.0,0.0,3
695526356,10.0,3,11,500.0,0.0,1.0,3
1098729478,10.0,3,11,0.0,0.0,0.0,3
700384826,10.0,3,11,100.0,0.0,0.0,3
140640476,10.0,5,11,50.0,0.0,1.0,3
380336498,10.0,5,11,10.0,0.0,0.0,3
725175640,10.0,17,11,0.0,0.0,0.0,3
1066891061,10.0,5,11,0.0,0.0,1.0,3
483084153,10.0,5,11,100.0,0.0,0.0,3
931883693,10.0,3,11,1000.0,0.0,0.0,3
295521760,10.0,3,11,1000.0,0.0,0.0,3
996030320,10.0,5,11,10.0,0.0,0.0,3
690424336,10.0,44,11,0.0,0.0,0.0,3
208523205,10.0,17,11,0.0,0.0,0.0,3
327107238,10.0,3,11,10.0,0.0,0.0,3
590470593,10.0,17,12,0.0,0.0,0.0,3
1018107647,10.0,5,11,200.0,0.0,0.0,3
1094467953,10.0,45,11,10.0,0.0,0.0,3
52854757,10.0,28,9,0.0,0.0,0.0,3
884908859,10.0,5,11,0.0,0.0,0.0,3
245720891,10.0,5,11,0.0,0.0,0.0,3
1162220290,10.0,26,9,0.0,0.0,0.0,3
607278503,10.0,17,5,0.0,0.0,0.0,3
669744226,10.0,3,11,0.0,0.0,0.0,3
1201794855,10.0,17,11,0.0,0.0,0.0,3
315441855,10.0,5,11,0.0,0.0,0.0,3
633807404,10.0,3,11,0.0,0.0,0.0,0
495172474,10.0,17,11,0.0,0.0,0.0,3
158248251,10.0,5,11,200.0,0.0,0.0,3
271842174,10.0,5,11,0.0,0.0,0.0,3
493724517,10.0,44,14,100.0,0.0,0.0,3
1018069886,10.0,3,11,0.0,0.0,0.0,3
760576075,10.0,5,11,0.0,0.0,0.0,3
1085857349,10.0,3,11,0.0,0.0,0.0,3
390780098,10.0,5,11,0.0,0.0,0.0,3
851397728,10.0,3,11,50.0,0.0,0.0,3
83240477,10.0,3,9,3.0,0.0,0.0,3
876006391,10.0,3,11,0.0,0.0,0.0,3
83572229,10.0,5,11,0.0,0.0,0.0,3
60048059,10.0,3,11,0.0,0.0,0.0,3
1215821485,10.0,3,11,150.0,0.0,0.0,3
1229741895,10.0,3,11,0.0,0.0,0.0,3
1113540454,10.0,3,11,0.0,0.0,0.0,3
372210897,10.0,7,11,2000.0,0.0,0.0,3
672327129,10.0,27,9,0.0,0.0,0.0,3
218369705,10.0,17,13,0.0,0.0,0.0,3
343600466,10.0,5,11,0.0,0.0,0.0,3
459215844,10.0,17,11,0.0,0.0,0.0,3
1092343558,10.0,3,11,5100.0,0.0,0.0,3
716930547,10.0,5,11,0.0,0.0,0.0,3
76278720,10.0,14,11,401.45,0.0,0.0,3
842409546,10.0,5,11,100.0,0.0,0.0,3
282610525,10.0,5,11,0.0,0.0,0.0,3
640725174,10.0,19,11,0.0,0.0,1.0,3
498426938,10.0,5,11,100.0,0.0,0.0,3
553787562,10.0,3,11,3.0,0.0,0.0,3
279005699,10.0,5,11,0.0,0.0,0.0,3
1099944224,10.0,17,11,0.0,0.0,0.0,3
432161556,10.0,5,11,33.0,0.0,0.0,3
613290361,10.0,3,11,1000.0,0.0,0.0,3
728409098,10.0,17,11,0.0,0.0,0.0,3
1134127066,10.0,5,11,0.0,0.0,0.0,3
720719528,10.0,3,11,10.0,0.0,0.0,3
1113555915,10.0,3,11,10.0,0.0,0.0,3
231491791,10.0,13,11,0.0,0.0,0.0,0
1190580640,10.0,3,11,3.0,0.0,0.0,3
52403002,10.0,5,11,110.0,0.0,0.0,3
749231957,10.0,3,11,5000.0,0.0,0.0,3
1224360866,10.0,5,11,0.0,0.0,0.0,3
221080726,10.0,5,11,10.0,0.0,0.0,3
643346326,10.0,3,11,0.0,0.0,0.0,3
232058581,10.0,3,11,3.0,0.0,0.0,3
794570139,10.0,5,11,100.0,0.0,0.0,3
259595235,10.0,3,10,1000.0,0.0,0.0,3
653184071,10.0,5,9,0.0,0.0,0.0,3
992237603,10.0,5,11,0.0,0.0,0.0,3
530342741,10.0,5,11,0.0,0.0,0.0,3
713858841,10.0,5,11,0.0,0.0,0.0,3
516297044,10.0,5,11,0.0,0.0,0.0,0
518601962,10.0,3,11,2500.0,0.0,0.0,3
557422970,10.0,3,11,0.0,0.0,0.0,3
794019868,10.0,3,11,0.0,0.0,0.0,3
744263988,10.0,3,11,0.0,0.0,0.0,3
1121546990,10.0,3,11,0.0,0.0,0.0,3
448253308,10.0,3,11,3.0,0.0,0.0,3
1188349896,10.0,5,11,498.0,0.0,0.0,3
809284296,10.0,5,11,20.0,0.0,0.0,3
601302943,10.0,3,11,0.0,0.0,0.0,3
844589179,10.0,3,11,50.0,0.0,0.0,3
425886436,10.0,25,9,0.0,0.0,0.0,3
625732720,10.0,10,9,0.0,0.0,0.0,3
1082243975,10.0,17,11,0.0,0.0,0.0,3
445480221,10.0,5,11,0.0,0.0,0.0,3
879001764,10.0,33,9,0.0,0.0,1.0,3
809694360,10.0,5,11,0.0,0.0,0.0,3
15412559,10.0,44,11,0.0,0.0,0.0,3
319554661,10.0,3,11,0.0,0.0,0.0,3
1179072556,10.0,27,9,0.0,0.0,0.0,3
1117127933,10.0,17,11,0.0,0.0,0.0,3
261482098,10.0,3,11,0.0,0.0,0.0,3
332704751,10.0,3,11,500.0,0.0,0.0,3
897511444,10.0,5,11,20.0,0.0,0.0,3
362523435,10.0,3,11,0.0,0.0,0.0,3
798350000,10.0,3,11,0.0,0.0,0.0,3
375798270,10.0,17,11,0.0,0.0,0.0,3
1212162643,10.0,5,11,0.0,0.0,0.0,3
659288071,10.0,3,11,50.0,0.0,0.0,3
333853715,10.0,3,11,8.0,0.0,0.0,3
978827451,10.0,8,11,0.0,0.0,0.0,3
323473633,10.0,5,11,2000.0,0.0,0.0,0
323473633,10.0,5,11,2000.0,0.0,0.0,0
131200222,10.0,3,11,0.0,0.0,0.0,3
1068496561,10.0,5,11,50.0,0.0,0.0,3
1215158860,10.0,3,11,10.0,0.0,0.0,3
718426174,10.0,3,11,50.0,0.0,0.0,3
423791386,10.0,2,11,11000.0,0.0,0.0,0
423791386,10.0,2,11,11000.0,0.0,0.0,0
62390575,10.0,3,11,0.0,0.0,0.0,3
347193582,10.0,3,11,0.0,0.0,0.0,3
593631230,10.0,3,10,100.0,0.0,0.0,3
316092570,10.0,3,11,0.0,0.0,0.0,3
483094212,10.0,34,9,0.0,0.0,0.0,3
654589853,10.0,5,11,0.0,0.0,0.0,3
350902767,10.0,3,9,10000.0,0.0,0.0,3
739391471,10.0,3,9,0.0,0.0,0.0,3
1158820955,10.0,3,11,0.0,0.0,0.0,3
1062569770,10.0,5,11,0.0,0.0,0.0,3
836910852,10.0,8,11,0.0,0.0,0.0,3
606066033,10.0,5,11,0.0,0.0,0.0,0
642806047,10.0,5,11,0.0,0.0,0.0,3
852094752,10.0,5,11,10.0,0.0,0.0,3
886096723,10.0,3,11,510.0,0.0,0.0,3
155522038,10.0,3,11,50.0,0.0,0.0,3
649788003,10.0,5,11,0.0,0.0,0.0,3
86580773,10.0,5,11,10.0,0.0,0.0,3
378554813,10.0,17,11,0.0,0.0,0.0,3
286552333,10.0,5,11,0.0,0.0,0.0,3
575224830,10.0,3,11,0.0,0.0,0.0,3
126993263,10.0,3,11,100.0,0.0,0.0,3
668158638,10.0,3,11,0.0,0.0,0.0,3
1230336904,10.0,3,11,0.0,0.0,0.0,3
37110881,10.0,3,11,3.0,0.0,0.0,3
791765142,10.0,5,11,100.0,0.0,0.0,3
673580467,10.0,5,11,200.0,0.0,0.0,3
775583569,10.0,32,9,0.0,0.0,0.0,3
407207628,10.0,5,11,0.0,0.0,0.0,3
909463926,10.0,3,11,25.0,0.0,0.0,3
909985325,10.0,3,11,0.0,0.0,0.0,3
145179159,10.0,5,11,0.0,0.0,0.0,3
836581602,10.0,3,11,1000.0,0.0,0.0,3
925250378,10.0,5,11,0.0,0.0,0.0,3
200142270,10.0,3,11,0.0,0.0,0.0,3
1189743165,10.0,27,9,0.0,0.0,0.0,3
953672999,10.0,3,9,10.0,0.0,0.0,3
343998876,10.0,17,16,0.0,0.0,0.0,3
1145175331,10.0,5,11,0.0,0.0,0.0,3
968037697,10.0,5,0,0.0,0.0,0.0,3
688774607,10.0,3,11,0.0,0.0,0.0,3
135754431,10.0,5,11,0.0,0.0,0.0,3
180016517,10.0,3,11,0.0,0.0,0.0,3
1000603123,10.0,5,11,0.0,0.0,0.0,3
455489186,10.0,3,10,0.0,0.0,0.0,3
708132120,10.0,5,11,0.0,0.0,0.0,3
211469713,10.0,3,11,1000.0,0.0,0.0,3
14658789,10.0,17,11,0.0,0.0,0.0,3
19850270,10.0,3,9,500.0,0.0,0.0,3
31354588,10.0,3,11,12.0,0.0,0.0,3
88880631,10.0,3,11,100.0,0.0,0.0,3
1000291316,10.0,3,11,50.0,0.0,0.0,3
85743647,10.0,5,10,100.0,0.0,0.0,0
1052219378,10.0,3,9,5180.0,0.0,0.0,3
92124617,10.0,5,11,0.0,0.0,0.0,3
957814072,10.0,5,11,10.0,0.0,0.0,3
707501464,10.0,5,11,300.0,0.0,0.0,3
626617037,10.0,5,11,0.0,0.0,0.0,3
1011014592,10.0,3,11,0.0,0.0,0.0,3
1107414197,10.0,17,11,0.0,0.0,0.0,3
574226120,10.0,3,11,0.0,0.0,0.0,3
339230089,10.0,3,11,100.0,0.0,0.0,3
315057141,10.0,17,11,0.0,0.0,0.0,3
277527220,10.0,3,11,30.0,0.0,0.0,3
353970327,10.0,19,11,0.0,0.0,0.0,3
459791316,10.0,3,11,10.0,0.0,0.0,0
459791316,10.0,3,11,10.0,0.0,0.0,0
115383990,10.0,5,11,10.0,0.0,0.0,0
115383990,10.0,5,11,10.0,0.0,0.0,0
1050159128,10.0,3,11,5.0,0.0,0.0,3
40238525,10.0,3,10,0.0,0.0,0.0,0
111749012,10.0,3,10,0.0,0.0,0.0,3
648864066,10.0,3,11,100.1,0.0,0.0,3
389988763,10.0,5,11,0.0,0.0,0.0,3
929663379,10.0,3,11,0.0,0.0,0.0,0
209522538,10.0,3,0,0.0,0.0,0.0,3
265543412,10.0,3,11,30.0,0.0,0.0,3
248264924,10.0,17,10,0.0,0.0,0.0,3
958908459,10.0,5,11,50.0,0.0,0.0,3
306578626,10.0,17,11,0.0,0.0,0.0,3
1166244652,10.0,5,11,0.0,0.0,0.0,0
734758428,10.0,0,11,1401.0,0.0,0.0,3
507043244,10.0,5,11,0.0,0.0,0.0,3
153234185,10.0,3,11,3.0,0.0,0.0,3
628761668,10.0,3,11,10.0,0.0,0.0,3
715868012,10.0,5,2,50.0,0.0,0.0,3
203509981,10.0,5,11,2000.0,0.0,0.0,0
593995034,10.0,3,11,0.0,0.0,0.0,3
1170338772,10.0,5,11,0.0,0.0,0.0,3
225803089,10.0,5,11,0.0,0.0,0.0,3
1230510896,10.0,5,11,100.0,0.0,0.0,3
73993940,10.0,17,11,0.0,0.0,0.0,3
647313960,10.0,3,11,0.0,0.0,0.0,3
328074928,10.0,17,11,0.0,0.0,0.0,3
876474681,10.0,5,11,0.0,0.0,0.0,3
500860246,10.0,39,9,0.0,0.0,0.0,3
389178900,10.0,5,10,0.0,0.0,0.0,3
1190155319,10.0,23,9,0.0,0.0,0.0,3
1118845943,10.0,3,11,0.0,0.0,0.0,3
131069474,10.0,5,11,0.0,0.0,0.0,3
1028369045,10.0,3,11,50.0,0.0,0.0,3
750392117,10.0,5,11,50.0,0.0,0.0,3
269763255,10.0,3,11,1000.0,0.0,0.0,3
804873884,10.0,3,11,0.0,0.0,0.0,3
558787191,10.0,5,11,0.0,0.0,0.0,3
83973512,10.0,5,11,0.0,0.0,0.0,3
919821609,10.0,5,11,0.0,0.0,0.0,3
1207030622,10.0,6,11,6000.0,0.0,0.0,3
898306591,10.0,5,11,0.0,0.0,0.0,3
919052577,10.0,5,11,0.0,0.0,0.0,3
310206872,10.0,30,9,0.0,0.0,0.0,3
1024186033,10.0,8,11,0.0,0.0,0.0,3
1102913507,10.0,3,11,100.0,0.0,0.0,3
234404727,10.0,5,11,100.0,0.0,0.0,3
32025878,10.0,3,11,0.0,0.0,0.0,3
296193174,10.0,3,11,0.0,0.0,0.0,3
1027686491,10.0,3,10,0.0,0.0,0.0,0
515862193,10.0,5,10,0.0,0.0,0.0,3
94628547,10.0,5,11,0.0,0.0,0.0,3
1128281818,10.0,3,11,3.0,0.0,0.0,3
251810305,10.0,3,9,100.0,0.0,0.0,3
345337235,10.0,5,11,0.0,0.0,0.0,3
968740487,10.0,6,11,30.0,0.0,0.0,0
998671920,10.0,3,11,5.0,0.0,0.0,3
444717725,10.0,5,11,100.0,0.0,0.0,0
846319954,10.0,3,11,0.0,0.0,0.0,3
603865048,10.0,3,11,0.0,0.0,0.0,3
445220130,10.0,17,11,0.0,0.0,0.0,3
1183612211,10.0,3,11,1000.0,0.0,0.0,3
262483415,10.0,5,11,10.0,0.0,0.0,3
800149315,10.0,5,11,15000.0,0.0,0.0,3
224947159,10.0,5,11,200.0,0.0,0.0,3
1152309238,10.0,3,11,0.0,0.0,0.0,3
671030964,10.0,3,11,0.0,0.0,0.0,3
142931897,10.0,17,5,0.0,0.0,0.0,3
667545069,10.0,5,11,0.0,0.0,0.0,3
1003598251,10.0,5,9,0.0,0.0,0.0,3
425173736,10.0,3,11,0.0,0.0,1.0,3
618517231,10.0,5,11,100.0,0.0,0.0,3
1178264308,10.0,3,9,100.0,0.0,0.0,3
649944968,10.0,3,11,100.0,0.0,0.0,3
1202604300,10.0,5,9,0.0,0.0,0.0,3
1151305842,10.0,5,11,0.0,0.0,0.0,3
1128682595,10.0,3,9,50.0,0.0,0.0,3
766344392,10.0,3,11,100.0,0.0,0.0,3
831677751,10.0,3,11,5000.0,0.0,0.0,3
365274435,10.0,44,11,0.0,1.2000000000000002,0.0,3
867564755,10.0,7,11,100.0,0.0,0.0,3
356856567,10.0,7,11,100.0,0.0,0.0,3
453047470,10.0,5,11,0.0,0.0,0.0,3
1107560411,10.0,3,11,1000.0,0.0,0.0,3
1189382204,10.0,3,11,500.0,0.0,0.0,3
794266200,10.0,13,11,0.0,0.0,0.0,3
524853474,10.0,5,11,50.0,0.0,0.0,3
60068624,10.0,3,11,0.0,0.0,0.0,0
583114121,10.0,32,9,0.0,0.0,0.0,3
198740367,10.0,5,11,0.0,0.0,0.0,3
209639730,10.0,3,11,3.0,0.0,0.0,3
553149000,10.0,5,11,0.0,0.0,0.0,3
802540167,10.0,17,0,0.0,0.0,0.0,3
828334189,10.0,5,11,100.0,0.0,0.0,3
446274146,10.0,3,11,1000.0,0.0,0.0,3
181220374,10.0,3,9,0.0,0.0,0.0,3
694459494,10.0,3,11,1000.0,0.0,0.0,3
226030893,10.0,5,10,0.0,0.0,0.0,3
325265909,10.0,3,11,3.0,0.0,0.0,3
627653926,10.0,17,11,0.0,0.0,0.0,3
174838085,10.0,3,11,3.0,0.0,0.0,3
822541486,10.0,3,11,3.0,0.0,0.0,3
1107666652,10.0,5,11,0.0,0.0,0.0,3
1079648641,10.0,3,11,0.0,0.0,0.0,3
276640884,10.0,13,11,0.0,0.0,0.0,3
770012999,10.0,17,11,0.0,0.0,0.0,3
530384310,10.0,3,10,4000.0,0.0,0.0,3
911243271,10.0,3,11,0.0,0.0,0.0,3
794653722,10.0,17,11,0.0,0.0,0.0,3
233666490,10.0,44,11,0.0,0.0,0.0,3
1037965169,10.0,5,11,10.0,0.0,0.0,3
450904367,10.0,8,11,0.0,0.0,0.0,3
1047142565,10.0,17,11,0.0,0.0,0.0,3
933329028,10.0,3,11,0.0,0.0,0.0,0
991811367,10.0,17,11,0.0,0.0,0.0,3
700450176,10.0,19,9,0.0,0.0,0.0,3
1113017293,10.0,3,11,50.0,0.0,0.0,0
846275858,10.0,5,11,0.0,0.0,0.0,3
793828820,10.0,5,11,0.0,0.0,0.0,3
978425250,10.0,5,11,0.0,0.0,0.0,3
112231894,10.0,5,11,0.0,0.0,0.0,3
306996078,10.0,5,11,0.0,0.0,0.0,3
968150919,10.0,3,11,0.0,0.0,0.0,3
742120449,10.0,3,11,0.0,0.0,0.0,3
315091037,10.0,5,11,10.0,0.0,0.0,0
720945377,10.0,3,11,0.0,0.0,0.0,3
464408693,10.0,3,11,0.0,0.0,0.0,3
254160203,15.0,57,9,0.0,0.0,0.0,3
798162,10.0,3,11,20.0,0.0,0.0,0
407904122,10.0,5,11,0.0,0.0,0.0,3
1154191793,10.0,3,11,10.0,0.0,0.0,3
1228655698,10.0,7,11,20.0,0.0,0.0,3
564619951,10.0,3,11,0.0,0.0,0.0,3
995243158,10.0,3,11,500.0,0.0,0.0,0
145901282,10.0,3,11,0.0,0.0,0.0,3
265904608,10.0,5,11,0.0,0.0,0.0,3
189224647,10.0,5,11,0.0,0.0,0.0,3
676267292,10.0,5,11,0.0,0.0,0.0,3
1098183164,10.0,3,9,0.0,0.0,0.0,3
517353431,10.0,8,11,0.0,0.0,0.0,3
1164908871,10.0,3,11,10.0,0.0,0.0,3
786873960,10.0,5,11,100.0,0.0,0.0,3
187884675,10.0,5,11,0.0,0.0,0.0,3
177845150,10.0,5,10,0.0,0.0,0.0,3
61794653,10.0,8,11,50.0,0.0,0.0,3
390647688,10.0,5,9,10.0,0.0,0.0,3
1092084658,10.0,5,11,40.0,0.0,0.0,3
920614612,10.0,3,11,100.0,0.0,0.0,3
926777235,10.0,3,11,100.0,0.0,0.0,3
914057908,10.0,3,12,50.0,0.0,0.0,3
37548048,10.0,6,11,0.0,0.0,0.0,3
426526636,10.0,33,9,0.0,0.0,0.0,3
1005206680,10.0,3,11,30.0,0.0,0.0,3
184290262,10.0,33,9,0.0,0.0,0.0,3
1017991419,10.0,5,11,0.0,0.0,0.0,3
10698350,10.0,5,11,0.0,0.0,0.0,3
603286004,10.0,5,11,0.0,0.0,0.0,3
606811381,10.0,3,11,0.0,0.0,0.0,3
452175371,10.0,5,10,0.0,0.0,0.0,3
748711858,10.0,3,11,3.0,0.0,0.0,3
277254951,10.0,3,11,50.0,0.0,0.0,3
569324456,10.0,17,11,0.0,0.0,0.0,3
748545376,10.0,3,11,0.0,0.0,0.0,3
635226615,10.0,5,11,0.0,0.0,0.0,3
1228052139,10.0,5,11,20.0,0.0,0.0,3
284778927,10.0,17,11,0.0,0.0,0.0,3
652250551,10.0,5,11,0.0,0.0,0.0,3
749144387,10.0,3,11,50.0,0.0,0.0,3
1015275963,10.0,3,11,0.0,0.0,0.0,3
462447349,15.0,57,9,0.0,0.0,0.0,3
794816216,10.0,5,11,0.0,0.0,0.0,3
587710733,10.0,25,9,0.0,0.0,0.0,3
214295629,10.0,5,11,100.0,0.0,0.0,3
624471209,10.0,5,11,0.0,0.0,0.0,3
1217128652,10.0,5,11,30.0,0.0,0.0,0
173528591,10.0,3,11,3.0,0.0,0.0,3
1031707379,10.0,19,11,0.0,0.0,0.0,3
1030291407,10.0,17,10,0.0,0.0,1.0,3
463935137,10.0,3,11,3.0,0.0,0.0,3
672217675,10.0,44,11,0.0,0.0,0.0,0
963091337,10.0,3,11,0.0,0.0,0.0,3
105575276,10.0,3,11,5000.0,0.0,0.0,3
706785836,10.0,5,9,0.0,0.0,0.0,3
57286554,10.0,3,11,0.0,0.0,0.0,3
466789539,10.0,5,11,0.0,0.0,0.0,3
930469767,10.0,5,11,0.0,0.0,0.0,3
532257916,10.0,5,11,0.0,0.0,0.0,3
19355525,10.0,5,11,50.0,0.0,0.0,3
929790487,10.0,44,11,0.0,1.6,0.0,0
1003813239,10.0,3,11,10.0,0.0,0.0,3
428159673,10.0,28,9,0.0,0.0,0.0,3
485163252,10.0,3,11,0.0,0.0,0.0,3
225394176,15.0,27,9,0.0,0.0,0.0,3
1155853285,10.0,5,11,0.0,0.0,0.0,3
94198675,10.0,5,9,30.0,0.0,0.0,3
1054467519,10.0,5,9,10.0,0.0,0.0,3
1044226112,10.0,23,9,0.0,0.0,1.0,3
739078714,10.0,3,11,10.0,0.0,0.0,3
1083257511,10.0,5,9,10.0,0.0,0.0,3
784543149,10.0,7,11,1000.0,0.0,0.0,3
393355112,10.0,5,11,0.0,0.0,0.0,3
674442998,10.0,5,9,100.0,0.0,0.0,3
1082490942,15.0,32,9,0.0,0.0,0.0,3
856131192,10.0,8,9,0.0,0.0,1.0,3
908579930,10.0,17,11,0.0,0.0,0.0,3
1156237838,10.0,5,11,0.0,0.0,0.0,3
367450094,10.0,17,11,0.0,0.0,0.0,3
24139944,10.0,3,11,0.0,0.0,0.0,3
934993648,10.0,23,9,0.0,0.0,0.0,3
1123914320,10.0,3,11,3000.0,0.0,0.0,3
173425626,10.0,5,11,0.0,0.0,0.0,3
882946127,10.0,3,11,0.0,0.0,0.0,3
1233351534,10.0,3,11,0.0,0.0,0.0,3
966456960,10.0,5,11,0.0,0.0,0.0,3
348194382,10.0,5,9,0.0,0.0,0.0,3
550882120,10.0,3,11,3.0,0.0,0.0,3
1097385336,10.0,3,11,0.0,0.0,0.0,3
1099012275,10.0,5,5,0.0,0.0,0.0,3
483678988,10.0,3,11,3.0,0.0,0.0,0
1077965676,10.0,5,11,0.0,0.0,0.0,3
859047825,10.0,5,11,0.0,0.0,0.0,3
367563279,10.0,3,11,3.0,0.0,0.0,3
807621140,10.0,31,9,0.0,0.0,0.0,3
1065763127,10.0,5,11,0.0,0.0,0.0,3
827852465,10.0,3,11,10.0,0.0,0.0,3
71374755,10.0,3,11,0.0,0.0,0.0,3
170689014,10.0,31,9,0.0,0.0,0.0,3
455727238,10.0,3,11,0.0,0.0,0.0,3
885962709,10.0,44,11,0.0,0.0,0.0,3
300866435,10.0,5,11,0.0,0.0,0.0,3
957335499,10.0,27,9,0.0,0.0,0.0,3
614988490,10.0,3,11,500.0,0.0,0.0,3
909677876,10.0,3,9,19060.0,0.0,0.0,3
163836302,10.0,3,13,1117.0,0.0,0.0,3
177233633,10.0,3,11,0.0,0.0,0.0,3
612973161,10.0,3,11,0.0,0.0,0.0,3
232878265,10.0,5,11,0.0,0.0,0.0,3
614998892,10.0,5,11,0.0,0.0,0.0,3
408031260,10.0,5,11,0.0,0.0,0.0,3
134796652,10.0,57,9,0.0,0.0,0.0,3
577816325,10.0,3,11,0.0,0.0,0.0,3
196838592,10.0,5,11,0.0,0.0,0.0,3
715299087,10.0,3,11,0.0,0.0,0.0,3
840366560,10.0,5,11,100.0,0.0,0.0,3
615178523,10.0,3,9,1000.0,0.0,0.0,3
15146892,10.0,3,12,0.0,0.0,0.0,3
995461959,10.0,17,11,0.0,0.0,1.0,3
635268688,10.0,44,11,0.0,0.0,0.0,3
564252425,10.0,5,11,0.0,0.0,0.0,3
608027695,10.0,5,11,0.0,0.0,0.0,3
793519841,10.0,5,11,0.0,0.0,0.0,3
126406124,10.0,22,11,0.0,0.0,0.0,3
835862955,10.0,5,9,0.0,0.0,0.0,3
706925528,15.0,3,11,150.0,0.0,0.0,2
794337401,15.0,3,4,10000.0,0.0,0.0,1
612112841,10.0,3,11,10000.0,0.0,0.0,2
1033691657,10.0,3,11,5600.0,0.0,0.0,2
455558271,10.0,54,11,10.18,0.0,0.0,1
722691858,10.0,3,10,1350.0,0.0,0.0,2
663498072,10.0,3,6,500.0,0.0,0.0,3
1022501713,10.0,3,11,3000.0,0.0,0.0,2
1022501713,10.0,3,11,3000.0,0.0,0.0,2
1022501713,10.0,3,11,3000.0,0.0,0.0,2
1139812428,10.0,5,11,200.0,0.0,0.0,3
705310922,10.0,3,11,10000.0,0.0,0.0,2
1169005838,10.0,3,11,3.0,0.0,0.0,3
1075680007,10.0,29,9,0.0,0.0,0.0,2
1187165635,10.0,3,5,1200.0,0.0,0.0,2
165029844,10.0,3,11,9999.0,0.0,0.0,1
506589439,10.0,35,2,1.7,0.0,1.0,1
412086145,10.0,3,11,5000.0,0.0,0.0,2
760232610,10.0,0,9,11800.0,0.0,0.0,2
151413858,10.0,3,11,11000.0,0.0,0.0,2
1138749469,10.0,5,11,10.0,0.0,0.0,3
853514282,10.0,0,11,10160.0,0.0,0.0,2
412285498,10.0,58,0,500.0,0.0,0.0,2
523987485,10.0,3,11,10080.0,0.0,0.0,2
328684818,10.0,6,10,10000.0,0.0,0.0,3
794950996,10.0,3,11,50.0,0.0,0.0,0
794950996,10.0,3,11,50.0,0.0,0.0,0
290278547,10.0,3,5,5600.0,0.0,0.0,3
191207011,10.0,3,11,13060.0,0.0,0.0,2
639523185,10.0,3,11,4000.0,0.0,0.0,2
70578920,10.0,3,9,16000.0,0.0,0.0,2
902504771,10.0,5,11,5000.0,0.0,0.0,3
308587947,10.0,5,11,200.0,0.0,0.0,3
891890114,10.0,3,12,1000.0,0.0,0.0,3
515804857,10.0,0,11,100.0,0.0,0.0,0
515804857,10.0,0,11,100.0,0.0,0.0,0
928615169,10.0,3,9,5000.0,0.0,0.0,2
1197260202,10.0,3,11,10200.0,0.0,0.0,2
121205650,10.0,3,11,5158.0,0.0,0.0,2
353587921,10.0,17,10,0.0,0.0,0.0,3
143364110,10.0,3,11,100.0,0.0,0.0,3
198576137,10.0,3,11,770.0,0.0,0.0,3
10711834,10.0,3,9,10000.0,0.0,0.0,2
43635130,10.0,3,11,50.0,0.0,0.0,3
223377099,10.0,5,5,10.0,0.0,0.0,3
1185729581,10.0,3,11,10088.0,0.0,0.0,2
473247369,10.0,3,9,10000.0,0.0,0.0,2
1003634226,10.0,3,5,10080.0,0.0,0.0,2
744968200,10.0,3,11,500.0,0.0,0.0,3
1132808434,10.0,0,11,1000.0,0.0,0.0,3
500970908,10.0,13,10,2080.0,0.0,0.0,2
908247590,10.0,3,11,5000.0,0.0,0.0,2
908247590,10.0,3,11,5000.0,0.0,0.0,2
727182458,10.0,44,11,720.0,0.0,0.0,3
1057654777,10.0,0,11,5000.0,0.0,0.0,3
485154649,10.0,46,11,12080.0,0.0,0.0,2
485154649,10.0,46,11,12080.0,0.0,0.0,2
593136513,10.0,5,2,100.0,0.0,0.0,3
937101326,10.0,0,5,50.0,0.0,0.0,1
371713118,10.0,3,11,11100.0,0.0,0.0,2
799080938,15.0,3,6,1050.0,0.0,0.0,3
799080938,15.0,3,6,1050.0,0.0,0.0,3
113976139,10.0,3,11,10.0,0.0,0.0,3
276842037,10.0,5,11,100.0,0.0,0.0,3
463584372,10.0,3,9,6000.0,0.0,0.0,1
794079288,10.0,40,2,0.0,0.0,0.0,1
278878337,10.0,3,2,60.0,0.0,0.0,3
789187327,10.0,3,11,450.0,0.0,0.0,3
45418644,10.0,3,11,5500.0,0.0,0.0,3
469686965,10.0,15,11,0.0,0.0,0.0,3
1090847978,10.0,29,9,0.0,0.0,0.0,2
629970841,10.0,3,9,9800.0,0.0,0.0,3
548493601,10.0,3,9,18500.0,0.0,0.0,2
1174942886,10.0,3,2,60.0,0.0,0.0,3
342952876,15.0,11,9,39875.2567,0.0,0.0,2
342952876,15.0,11,9,39875.2567,0.0,0.0,2
342952876,15.0,11,9,39875.2567,0.0,0.0,2
1080539525,10.0,3,11,100.0,0.0,0.0,3
137903147,10.0,5,11,100.0,0.0,0.0,3
1002915143,10.0,0,11,5.0,0.0,0.0,3
477280607,10.0,6,11,2000.0,0.0,0.0,3
177473368,10.0,0,11,50.0,0.0,0.0,3
566980571,10.0,5,11,300.0,0.0,0.0,3
253310567,10.0,29,9,0.0,0.0,0.0,2
1057348056,10.0,0,11,50.0,0.0,0.0,3
203732566,10.0,44,11,770.0,2.8,0.0,3
556570117,10.0,3,2,4000.0,0.0,0.0,1
988033114,10.0,3,11,50.0,0.0,0.0,3
407350190,10.0,3,11,3000.0,0.0,0.0,3
95898023,10.0,5,11,100.0,0.0,0.0,3
308649052,10.0,0,12,50.0,0.0,0.0,3
284504445,10.0,3,8,500.0,0.0,0.0,1
284504445,10.0,3,8,500.0,0.0,0.0,1
50899367,10.0,27,9,0.0,0.0,0.0,2
743836372,10.0,3,14,50.0,0.0,0.0,1
1180983562,10.0,3,2,200.0,3.6,1.0,2
898701399,10.0,13,9,22543.8848,0.0,0.0,2
898701399,10.0,13,9,22543.8848,0.0,0.0,2
829845602,20.0,3,5,1600.0,0.0,0.0,2
688241041,10.0,3,11,0.0,3.6,0.0,1
621160066,10.0,24,5,0.0,0.0,0.0,1
122404006,10.0,3,10,1760.0,0.0,0.0,2
122404006,10.0,3,10,1760.0,0.0,0.0,2
873653497,10.0,3,11,1000.0,3.6,0.0,1
88133022,10.0,3,11,10.0,0.0,1.0,1
58641410,16.0,3,11,1000.0,0.0,1.0,2
368132676,10.0,5,11,0.0,3.6,0.0,2
1174536977,10.0,3,11,3.0,3.6,1.0,2
1169874443,10.0,3,9,3000.0,3.6,0.0,2
1131068778,10.0,7,10,1000.0,3.6,0.0,3
902332511,15.0,3,11,10.0,0.0,0.0,1
1139378624,15.0,3,11,0.0,0.0,0.0,1
120469233,10.0,3,11,100.0,0.0,0.0,1
249978608,10.0,5,11,10.0,3.6,0.0,2
5066338,10.0,17,11,0.0,3.6,0.0,1
678912959,10.0,3,11,4.5,3.6,0.0,2
636710052,10.0,28,9,0.0,3.6,0.0,2
517620557,10.0,3,11,1000.0,3.6,1.0,2
517620557,10.0,3,11,1000.0,3.6,1.0,2
331104769,10.0,5,11,10.0,3.6,1.0,1
1148210108,10.0,3,11,501.0,0.0,0.0,3
705753384,10.0,44,11,10.0,1.2000000000000002,0.0,3
78281172,10.0,3,11,10.0,0.0,0.0,3
92653468,15.0,33,9,0.0,0.0,0.0,3
219488280,10.0,33,9,0.0,0.0,0.0,3
608244362,15.0,19,8,0.0,0.0,0.0,3
829830764,10.0,3,11,0.0,0.0,0.0,3
467117200,10.0,3,11,200.0,0.0,0.0,3
618751808,10.0,30,9,0.0,0.0,0.0,3
951648892,10.0,3,11,0.0,0.0,0.0,3
1206489139,10.0,5,11,0.0,0.0,0.0,3
671369696,15.0,7,10,10000.0,0.0,0.0,3
213392980,15.0,3,11,2500.0,0.0,0.0,3
863431175,10.0,3,5,0.0,0.0,0.0,3
368872124,10.0,3,11,500.0,0.0,0.0,3
1018283505,10.0,22,11,0.0,0.0,0.0,3
297060062,10.0,17,5,0.0,0.0,0.0,3
998553068,15.0,3,11,0.0,0.0,0.0,3
859307071,10.0,44,9,0.0,0.0,0.0,3
337018970,10.0,44,11,800.0,0.0,0.0,3
1048179815,15.0,31,9,0.0,0.0,0.0,3
591049147,15.0,14,9,7000.0,0.0,0.0,3
249210214,10.0,3,11,0.0,0.0,0.0,3
810431967,10.0,3,11,100.0,0.0,0.0,3
633773899,10.0,13,11,5000.0,0.0,0.0,3
846410281,10.0,8,11,200.0,0.0,0.0,3
538886366,10.0,17,11,0.0,0.0,0.0,3
226141851,10.0,3,11,0.0,0.0,0.0,3
631418868,10.0,3,9,2000.0,0.0,0.0,2
890470807,10.0,44,9,49701.0,0.0,0.0,3
667857989,10.0,3,11,2550.0,0.0,0.0,3
112911993,10.0,17,4,0.0,0.0,0.0,3
757360944,10.0,5,16,0.0,0.0,0.0,3
922021901,10.0,32,7,0.0,0.0,0.0,3
635792996,15.0,8,9,500.0,0.0,0.0,3
301800378,10.0,44,11,677.0,0.0,0.0,3
919000691,10.0,3,5,0.0,0.0,0.0,3
644394656,10.0,5,11,0.0,0.0,0.0,3
1227147497,10.0,3,11,100.0,0.0,0.0,3
566363148,10.0,5,11,0.0,0.0,0.0,3
615699596,10.0,22,11,0.0,0.0,0.0,3
1120577622,10.0,51,9,0.0,0.0,0.0,3
46204191,10.0,44,11,200.0,0.0,0.0,3
651615212,10.0,17,11,0.0,0.0,0.0,3
87341364,15.0,3,10,1000.0,0.0,0.0,3
587234785,10.0,5,11,0.0,0.0,0.0,3
178869075,10.0,3,11,0.0,0.0,0.0,3
1111922976,10.0,33,11,0.0,0.0,0.0,3
1176027146,10.0,3,11,0.0,0.0,0.0,3
371694270,10.0,44,11,0.0,0.0,0.0,3
1189943064,10.0,44,11,0.0,0.0,0.0,3
142218422,10.0,3,11,0.0,0.0,0.0,3
911795467,10.0,3,12,0.0,0.0,0.0,3
794543130,10.0,3,11,500.0,0.0,0.0,3
377161734,10.0,3,11,0.0,0.0,0.0,3
565780947,10.0,17,11,0.0,0.0,0.0,3
695260559,10.0,5,11,0.0,0.0,0.0,3
660306874,10.0,6,15,0.0,0.0,0.0,3
1087212956,10.0,5,11,0.0,0.0,0.0,3
265658557,10.0,8,11,0.0,0.0,1.0,3
314113513,10.0,5,11,0.0,0.0,1.0,3
878303695,15.0,30,9,0.0,0.0,0.0,3
860901481,10.0,3,11,0.0,0.0,0.0,3
406101516,10.0,7,11,0.0,0.0,0.0,3
1180146243,10.0,3,11,0.0,0.0,0.0,3
1233771029,10.0,3,11,0.0,0.0,0.0,3
207988913,10.0,3,11,0.0,0.0,0.0,3
214496849,10.0,3,11,0.0,0.0,0.0,3
1132585533,10.0,1,11,1000.0,0.0,0.0,3
618578351,10.0,3,11,0.0,0.0,0.0,3
552964856,10.0,43,11,0.0,0.0,0.0,3
1215633093,10.0,31,9,0.0,0.0,0.0,3
165987445,10.0,5,11,0.0,0.0,0.0,3
831542,10.0,3,11,50.0,0.0,0.0,3
225655129,10.0,3,11,0.0,0.0,0.0,3
705523585,10.0,3,11,0.0,0.0,0.0,3
1134259656,10.0,3,11,200.0,0.0,0.0,3
349263176,10.0,3,11,0.0,0.0,0.0,3
1043844531,10.0,17,11,0.0,0.0,0.0,3
1110671702,10.0,3,11,100.0,0.0,0.0,3
1024089624,15.0,51,11,0.0,0.0,0.0,3
69491770,10.0,3,11,51.0,0.0,0.0,3
117159066,10.0,3,11,1100.0,0.0,1.0,3
828831767,10.0,5,11,0.0,0.0,0.0,3
11595512,10.0,3,11,0.0,0.0,0.0,3
322323136,10.0,7,11,0.0,0.0,0.0,3
747194624,10.0,44,11,0.0,0.0,0.0,3
296846936,10.0,17,4,0.0,0.0,0.0,3
60501171,13.0,8,10,15000.0,0.0,0.0,3
1217625539,10.0,7,11,4000.0,0.0,0.0,3
59556051,10.0,3,11,1000.0,0.0,0.0,3
536153085,10.0,5,11,4.0,0.0,0.0,3
200751039,10.0,5,11,0.0,0.0,0.0,3
114126067,10.0,3,11,20.0,0.0,0.0,3
679680967,10.0,5,11,0.0,0.0,0.0,3
955929116,10.0,6,10,500.0,0.0,0.0,3
1080671378,15.0,27,9,0.0,0.0,0.0,3
4731015,10.0,5,11,50.0,0.0,0.0,3
201054148,10.0,7,11,200.0,0.0,0.0,3
1152308541,10.0,3,11,1000.0,0.0,0.0,3
783747144,10.0,5,11,50.0,0.0,0.0,3
901589297,10.0,5,11,50.0,0.0,0.0,3
867143776,10.0,3,11,1000.0,0.0,0.0,3
657376232,10.0,17,4,0.0,0.0,0.0,3
538462809,10.0,3,11,800.0,0.0,0.0,2
322394797,10.0,3,11,120.0,0.0,0.0,2
477076356,10.0,3,11,30000.0,0.0,0.0,2
970163383,10.0,0,11,200.0,3.6,0.0,2
500120338,10.0,3,11,1500.0,0.0,0.0,2
126395312,10.0,6,11,2000.0,0.0,0.0,2
1154188320,10.0,47,11,2500.0,0.0,0.0,2
1129160300,10.0,3,10,50.0,0.0,0.0,2
1115273959,10.0,5,11,500.0,0.0,0.0,1
1115273959,10.0,5,11,500.0,0.0,0.0,1
846278181,10.0,34,9,0.0,0.0,1.0,1
828439901,10.0,3,5,200.0,0.0,1.0,1
669965313,10.0,27,9,0.0,0.0,0.0,2
782621245,10.0,3,9,1000.0,0.0,0.0,2
726175830,10.0,5,11,10.0,0.0,1.0,2
353945399,10.0,14,9,0.0,0.0,0.0,2
786961077,10.0,8,10,1000.0,0.0,0.0,1
395461144,10.0,3,5,100.0,0.0,0.0,1
395461144,10.0,3,5,100.0,0.0,0.0,1
999574110,10.0,5,11,10.0,0.0,1.0,2
999574110,10.0,5,11,10.0,0.0,1.0,2
243789405,10.0,17,11,0.0,0.0,0.0,2
966950408,10.0,27,9,0.0,0.0,0.0,2
799465389,10.0,27,9,0.0,0.0,0.0,2
208114644,10.0,22,9,0.0,0.0,0.0,2
627880823,10.0,37,9,30716.2738,0.0,1.0,2
989032874,10.0,23,9,0.0,0.0,0.0,2
613813071,10.0,39,9,0.0,0.0,0.0,2
20119804,10.0,3,11,500.0,0.0,0.0,1
591974733,10.0,17,11,0.0,0.0,0.0,1
191968433,15.0,3,11,111.0,0.0,0.0,1
212531966,15.0,8,9,0.0,0.0,0.0,2
212531966,15.0,8,9,0.0,0.0,0.0,2
212531966,15.0,8,9,0.0,0.0,0.0,2
1001628836,10.0,3,11,5000.0,0.0,0.0,1
224662236,10.0,3,5,30.0,0.0,0.0,3
772043264,10.0,31,9,0.0,0.0,0.0,3
993948671,10.0,8,11,0.0,0.0,0.0,3
349562477,10.0,3,11,0.0,0.0,0.0,3
134513294,10.0,39,9,0.0,0.0,0.0,3
180104841,10.0,8,0,0.0,0.0,0.0,3
134014987,10.0,1,11,11300.0,0.0,0.0,3
353592717,15.0,4,11,73000.0,0.0,0.0,3
515805204,10.0,17,11,0.0,0.0,0.0,3
822989068,15.0,33,9,0.0,0.0,0.0,3
272347642,10.0,5,11,0.0,0.0,0.0,3
731340295,10.0,8,11,0.0,0.0,0.0,3
856331759,10.0,3,11,500.0,0.0,0.0,3
147068138,10.0,3,11,0.0,0.0,0.0,3
700982378,10.0,7,4,0.0,0.0,0.0,3
288764483,15.0,23,6,0.0,0.0,0.0,3
898924800,10.0,23,9,0.0,0.0,0.0,3
582674865,10.0,17,11,0.0,0.0,0.0,3
526477932,10.0,3,11,0.0,0.0,0.0,3
335693175,10.0,24,9,0.0,0.0,0.0,3
866637224,15.0,8,11,5000.0,0.0,0.0,3
151726554,10.0,13,9,0.0,0.0,0.0,3
584402496,10.0,21,9,0.0,0.0,0.0,3
187043215,10.0,5,11,0.0,0.0,1.0,3
648226901,10.0,7,11,600.0,0.0,0.0,3
918361308,10.0,3,11,0.0,0.0,0.0,3
194980333,10.0,5,11,50.0,0.0,0.0,3
67193838,11.0,14,9,36000.0,0.0,0.0,3
1081055617,10.0,36,9,0.0,0.0,1.0,3
1087381924,10.0,7,11,31000.0,0.0,0.0,3
888085653,10.0,3,11,100.0,0.0,0.0,3
900005310,6.0,17,9,100.0,0.0,0.0,3
771224914,15.0,8,9,14163.0,0.0,0.0,3
39306954,10.0,23,9,0.0,0.0,0.0,3
181390989,15.0,25,9,0.0,0.0,0.0,3
940923669,8.0,8,10,5000.0,0.0,0.0,3
775763353,10.0,8,11,0.0,0.0,0.0,3
1144820702,15.0,0,11,10000.0,0.0,0.0,3
620500307,10.0,3,11,550.0,0.0,0.0,3
961213869,10.0,39,9,0.0,0.0,1.0,3
40212297,10.0,9,12,5180.0,0.0,0.0,3
186853378,10.0,3,8,2000.0,0.0,0.0,3
225291331,10.0,1,10,10869.08,0.0,0.0,3
34521917,10.0,5,11,250.0,0.0,0.0,3
153076721,10.0,4,9,600.0,0.0,0.0,3
615613250,15.0,3,11,0.0,0.0,0.0,3
858296240,10.0,1,11,1000.0,0.0,0.0,3
426380994,15.0,8,11,0.0,0.0,0.0,3
1224174911,10.0,3,11,0.0,0.0,0.0,3
927152330,15.0,17,11,0.0,0.0,0.0,3
442246932,10.0,44,11,0.0,0.0,0.0,3
773620016,10.0,7,11,5000.0,0.0,0.0,3
20822760,15.0,31,9,0.0,0.0,0.0,3
746849161,10.0,23,9,0.0,0.0,0.0,3
51981125,10.0,8,11,0.0,0.0,0.0,3
693719679,10.0,3,11,100.0,0.0,0.0,3
1037303193,10.0,3,11,20.0,0.0,1.0,3
547258534,10.0,17,11,0.0,0.0,0.0,3
989027136,15.0,3,11,0.0,0.0,0.0,3
492405943,10.0,3,11,100.0,0.0,0.0,3
1160649661,10.0,6,11,20000.0,0.0,0.0,3
434409374,10.0,5,11,50.0,0.0,0.0,3
354991442,15.0,1,11,1000000.0,0.0,0.0,3
465075555,10.0,3,11,0.0,0.0,0.0,3
764214585,10.0,45,1,0.0,0.0,0.0,3
478886296,15.0,0,9,60000.0,0.0,0.0,3
426653927,10.0,17,11,0.0,0.0,0.0,3
817183311,10.0,46,11,0.0,0.0,0.0,3
675065234,10.0,8,11,100.0,0.0,0.0,3
927368862,10.0,3,9,5000.0,0.0,0.0,3
79532710,10.0,6,11,3000.0,0.0,0.0,3
831141326,10.0,3,1,500.0,0.0,0.0,3
829506502,10.0,17,9,0.0,0.0,0.0,3
77491511,10.0,3,11,1000.0,0.0,0.0,3
861969081,10.0,3,11,2000.0,0.0,0.0,3
1121741984,10.0,51,14,0.0,0.0,0.0,1
726133866,10.0,3,9,500.0,0.0,0.0,3
530796948,10.0,3,11,5000.0,0.0,0.0,3
807448595,10.0,46,5,50.0,0.0,0.0,3
440892289,10.0,0,10,5000.0,0.0,0.0,3
465287457,10.0,8,11,50000.0,0.0,0.0,3
550611596,10.0,0,10,2000.0,0.0,0.0,3
325060815,10.0,0,11,1000.0,0.0,0.0,3
407907886,10.0,3,11,300.0,0.0,1.0,3
1215168900,10.0,5,11,0.0,0.0,0.0,3
321583165,10.0,6,11,50.0,0.0,0.0,3
810542551,10.0,35,14,0.0,0.0,0.0,3
40446487,10.0,59,17,0.0,0.0,0.0,3
1032328768,10.0,3,5,200.0,0.0,0.0,2
505961044,10.0,3,11,6000.0,0.0,0.0,1
777679828,10.0,32,9,0.0,3.6,0.0,1
713507630,15.0,3,11,0.0,3.6,0.0,1
803199349,15.0,32,9,0.0,3.6,0.0,1
876789488,10.0,3,11,0.0,0.0,0.0,2
315607928,10.0,3,11,100.0,0.0,0.0,3
585341041,10.0,17,5,0.0,0.0,0.0,3
1223639708,10.0,8,11,10.0,0.0,0.0,3
448809767,10.0,3,11,3.0,0.0,0.0,3
969196762,10.0,3,11,50.0,0.0,1.0,3
917505111,10.0,5,10,200.0,0.0,1.0,3
760281101,10.0,3,10,0.0,0.0,1.0,3
413501650,10.0,5,11,0.0,0.0,1.0,3
1121800093,10.0,7,11,0.0,0.0,0.0,3
1189475449,10.0,3,11,0.0,0.0,0.0,3
125790555,10.0,3,11,1000.0,0.4,0.0,3
887377568,10.0,3,11,0.0,0.4,0.0,3
309977928,10.0,8,11,0.0,0.4,0.0,3
770645510,10.0,3,11,0.0,0.4,1.0,3
558388192,10.0,3,11,1000.0,0.0,0.0,3
583768839,10.0,37,0,520.0,0.6000000000000001,0.0,3
896876904,10.0,8,11,0.0,0.0,0.0,3
1111263046,10.0,3,11,1000.0,0.6000000000000001,0.0,3
206555162,10.0,3,11,1000.0,0.6000000000000001,0.0,3
2556112,10.0,34,11,2000.0,0.6000000000000001,0.0,3
424537795,10.0,32,9,0.0,0.6000000000000001,0.0,3
35778606,10.0,35,10,3000.0,0.6000000000000001,0.0,3
1157977132,10.0,8,4,1500.0,0.0,0.0,3
580170754,10.0,3,11,300.0,0.4,0.0,3
634673813,10.0,3,11,0.0,0.4,0.0,3
100425290,10.0,7,11,1000.0,0.0,0.0,3
388516157,10.0,3,10,0.0,0.4,0.0,3
1200400610,10.0,3,10,3000.0,0.0,0.0,3
775179675,10.0,42,9,0.0,0.6000000000000001,0.0,3
540750602,10.0,3,10,10.0,0.0,0.0,3
300550274,10.0,8,10,0.0,0.6000000000000001,0.0,3
1170654823,10.0,3,10,1000.0,0.0,0.0,3
316088181,10.0,3,8,2000.0,0.0,0.0,3
124313005,10.0,8,13,2068.0,0.0,0.0,3
185443642,10.0,45,11,0.0,0.6000000000000001,0.0,3
280814108,10.0,3,11,0.0,0.4,0.0,3
803399659,10.0,3,11,30.0,0.4,0.0,3
698946445,10.0,3,11,0.0,0.4,0.0,3
1141344782,10.0,3,11,0.0,0.0,0.0,3
578046916,10.0,34,10,1000.0,0.0,0.0,3
570077886,10.0,15,9,0.0,0.4,0.0,3
741197378,10.0,24,9,0.0,0.0,0.0,3
672082440,10.0,8,11,0.0,0.0,0.0,3
733095565,10.0,3,10,0.0,0.0,0.0,3
944558367,15.0,3,11,0.0,0.4,0.0,3
885091483,10.0,42,8,0.0,0.6000000000000001,0.0,3
438703390,10.0,34,11,2000.0,0.6000000000000001,0.0,3
288524275,10.0,3,11,0.0,0.0,0.0,3
676479940,10.0,3,11,100.0,0.0,0.0,3
1017361081,10.0,8,10,1000.0,0.6000000000000001,0.0,3
783395514,10.0,3,11,0.0,0.0,0.0,3
738818162,10.0,3,11,0.0,0.0,0.0,3
488975702,10.0,3,10,0.0,0.0,0.0,3
301509588,10.0,3,11,100.0,0.0,0.0,3
752577853,10.0,3,11,200.0,0.0,0.0,3
265157141,10.0,5,11,0.0,0.4,0.0,3
830077550,10.0,7,11,0.0,0.4,0.0,3
975607122,10.0,5,11,0.0,0.0,0.0,3
818239866,10.0,3,11,100.0,0.0,0.0,3
29767348,10.0,3,11,0.0,0.6000000000000001,0.0,3
660584882,10.0,7,3,8270.0,0.0,0.0,3
696133386,10.0,35,2,1000.0,0.6000000000000001,0.0,3
246124439,10.0,3,11,100.0,0.6000000000000001,0.0,3
639759280,10.0,3,11,0.0,0.0,0.0,3
471239918,10.0,8,11,1000.0,0.0,0.0,3
837743488,10.0,3,10,5000.0,0.0,0.0,3
589353712,10.0,3,10,5000.0,0.0,0.0,3
1024794959,10.0,3,11,0.0,0.0,0.0,3
1189025517,10.0,5,11,0.0,0.4,0.0,3
264061220,10.0,3,13,100.0,0.0,0.0,3
948021147,10.0,34,5,2000.0,0.0,0.0,3
695553735,10.0,38,12,0.0,0.6000000000000001,0.0,3
993295834,10.0,3,11,0.0,0.4,0.0,3
491251458,10.0,3,8,0.0,0.0,0.0,3
376483949,10.0,3,10,1000.0,0.6000000000000001,0.0,3
850637667,10.0,3,4,2000.0,0.0,0.0,3
816255640,10.0,27,9,0.0,0.0,0.0,3
876795652,10.0,3,5,100.0,0.6000000000000001,0.0,3
781576227,10.0,3,10,1000.0,0.0,0.0,3
702990878,10.0,8,10,1000.0,0.0,0.0,3
535352782,10.0,57,11,0.0,0.4,0.0,3
784184850,10.0,53,10,1000.0,0.0,0.0,3
119111279,10.0,3,11,0.0,0.4,0.0,3
1204996213,10.0,3,11,0.0,0.4,0.0,3
534082754,10.0,3,11,1000.0,0.0,0.0,3
66139401,10.0,16,11,0.0,0.6000000000000001,0.0,3
775549241,10.0,3,10,1000.0,0.0,0.0,3
534105828,10.0,5,11,0.0,0.4,0.0,3
337190674,10.0,3,11,0.0,0.4,0.0,3
1030698450,10.0,50,2,0.0,0.0,0.0,3
434535004,10.0,3,10,1000.0,0.0,0.0,3
543890956,10.0,3,11,100.0,0.6000000000000001,0.0,3
861640494,10.0,8,11,100.0,0.0,0.0,3
39447937,10.0,8,14,0.0,0.0,0.0,3
199732240,10.0,3,11,1000.0,0.0,0.0,3
179112321,10.0,3,16,10.0,0.0,0.0,3
682537294,10.0,3,11,0.0,0.0,0.0,3
161207280,10.0,13,11,0.0,0.0,0.0,3
640450849,10.0,3,11,0.0,0.0,0.0,3
1059460430,10.0,8,10,10000.0,0.0,0.0,3
120332211,10.0,3,11,0.0,0.0,0.0,3
333686413,10.0,3,10,1000.0,0.0,0.0,3
982046039,10.0,3,0,1000.0,0.0,0.0,3
1131073307,10.0,36,10,1135.0,0.6000000000000001,0.0,3
635603736,10.0,17,11,0.0,0.4,0.0,3
74906695,10.0,3,8,0.0,0.4,0.0,3
446839231,10.0,3,14,0.0,0.0,0.0,3
29673727,10.0,36,9,3025.0,0.0,0.0,3
292800787,10.0,3,4,1500.0,0.0,0.0,3
6217287,10.0,3,10,1000.0,0.0,0.0,3
868801760,10.0,44,14,500.0,0.0,0.0,3
1222880377,10.0,3,11,2000.0,0.0,0.0,3
830536275,10.0,3,10,0.0,0.4,0.0,3
451175570,10.0,7,11,0.0,0.0,0.0,3
500016024,10.0,3,10,100.0,0.0,0.0,3
1017953670,10.0,3,0,100.0,0.6000000000000001,0.0,3
479006038,10.0,3,0,3000.0,0.0,0.0,3
530649537,10.0,3,11,1000.0,0.0,0.0,3
118913554,10.0,42,9,0.0,0.6000000000000001,0.0,3
482394235,10.0,3,10,0.0,0.0,0.0,3
572538608,10.0,3,9,1000.0,0.0,0.0,3
1150637501,10.0,3,11,0.0,0.6000000000000001,0.0,3
476282460,10.0,3,0,6000.0,0.0,0.0,3
851239668,10.0,53,6,0.0,0.4,0.0,3
526207281,10.0,42,9,0.0,0.6000000000000001,0.0,3
472070237,10.0,5,8,0.0,0.4,0.0,3
1157160085,10.0,3,10,0.0,0.4,0.0,3
858118052,10.0,3,11,1000.0,0.0,0.0,3
532398636,10.0,5,11,100.0,0.0,0.0,3
440133186,10.0,3,11,10000.0,0.0,0.0,3
455084325,10.0,5,11,50.0,0.0,0.0,3
965774343,10.0,42,9,0.0,0.6000000000000001,0.0,3
486412462,10.0,3,5,1000.0,0.0,0.0,3
499232727,10.0,3,11,0.0,0.0,0.0,3
920272889,10.0,52,14,0.0,0.6000000000000001,0.0,3
1173942093,10.0,3,11,100.0,0.6000000000000001,0.0,3
588320433,10.0,3,11,1000.0,0.0,0.0,3
297748134,10.0,3,11,1000.0,0.0,0.0,3
60973352,10.0,3,16,0.0,0.4,0.0,3
1144185194,10.0,3,11,0.0,0.0,0.0,3
514259305,10.0,3,11,0.0,0.4,0.0,3
877487169,10.0,44,11,0.0,0.0,0.0,3
154066294,10.0,18,9,0.0,0.6000000000000001,0.0,3
840403226,10.0,3,4,0.0,0.6000000000000001,0.0,3
397187208,10.0,3,10,0.0,0.6000000000000001,0.0,3
758480735,10.0,3,11,1000.0,0.6000000000000001,0.0,3
346671211,10.0,3,10,1000.0,0.0,0.0,3
162072306,10.0,3,9,1000.0,0.0,0.0,3
347202775,10.0,3,10,0.0,0.0,0.0,3
835696872,10.0,8,10,1000.0,0.0,0.0,3
65636925,10.0,3,8,5000.0,0.6000000000000001,0.0,3
870151652,10.0,8,11,3000.0,0.0,0.0,3
418007401,10.0,3,9,1500.0,0.0,0.0,3
881547330,10.0,36,11,2500.0,0.6000000000000001,0.0,3
1023191086,10.0,44,11,500.0,0.0,0.0,3
1220212463,10.0,18,6,0.0,0.6000000000000001,0.0,3
589095801,10.0,3,11,500.0,0.0,0.0,3
421635817,15.0,3,11,0.0,0.0,0.0,3
17607662,10.0,34,9,3000.0,0.0,0.0,3
683960584,10.0,55,11,1000.0,0.6000000000000001,0.0,3
774523048,15.0,3,0,1000.0,0.0,0.0,3
661117047,10.0,3,11,0.0,0.0,0.0,3
235846361,10.0,18,9,0.0,0.0,0.0,3
312013435,10.0,34,10,15000.0,0.6000000000000001,0.0,3
314383006,10.0,3,10,0.0,0.4,0.0,3
448795585,10.0,3,11,50.0,0.0,0.0,3
1031716664,10.0,3,11,0.0,0.4,0.0,3
696234642,10.0,3,9,5000.0,0.0,0.0,3
851620553,10.0,8,11,10.0,0.6000000000000001,0.0,3
857785290,10.0,3,11,100.0,0.6000000000000001,0.0,3
881936138,10.0,3,10,5000.0,0.0,0.0,3
215007081,10.0,3,4,100.0,0.0,0.0,3
1021790428,10.0,17,11,0.0,0.0,0.0,3
86791918,10.0,3,11,1000.0,0.0,0.0,3
69008037,10.0,3,11,0.0,0.6000000000000001,0.0,3
267312998,10.0,8,10,1000.0,0.0,0.0,3
1074668239,10.0,34,11,4000.0,0.0,0.0,3
150680780,10.0,3,10,0.0,0.0,0.0,3
95375757,10.0,3,10,0.0,0.0,0.0,3
132799368,10.0,3,10,1000.0,0.0,0.0,3
1122046060,10.0,17,9,0.0,0.0,0.0,3
312152062,10.0,3,10,0.0,0.4,0.0,3
440481144,10.0,3,11,0.0,0.4,0.0,3
115726514,10.0,3,11,0.0,0.0,0.0,3
16959685,10.0,3,9,0.0,0.0,0.0,3
196910950,10.0,3,11,0.0,0.0,0.0,3
311372702,10.0,3,10,0.0,0.0,0.0,3
1151354220,10.0,17,11,0.0,0.6000000000000001,0.0,3
910718749,10.0,42,9,0.0,0.0,0.0,3
250442914,10.0,3,11,0.0,0.0,0.0,3
442290867,10.0,34,11,1500.0,0.6000000000000001,0.0,3
768650402,10.0,7,11,16500.0,0.0,0.0,3
460104494,10.0,3,10,1000.0,0.0,0.0,3
182347730,10.0,34,5,1000.0,0.6000000000000001,0.0,3
763577842,10.0,3,11,5000.0,0.0,0.0,3
1021056068,10.0,3,11,0.0,0.0,0.0,3
389103744,10.0,5,13,0.0,0.0,0.0,3
349722036,10.0,3,11,1000.0,0.0,0.0,3
773481184,10.0,3,9,1000.0,0.0,0.0,3
1124148664,10.0,3,11,100.0,0.6000000000000001,0.0,3
714619319,10.0,8,10,1600.0,0.0,0.0,3
1000685535,10.0,44,11,0.0,0.0,0.0,3
1082407313,10.0,3,13,1000.0,0.0,0.0,3
207483814,10.0,3,10,1000.0,0.0,0.0,3
302806995,10.0,3,11,0.0,0.0,0.0,3
516270011,10.0,3,11,1000.0,0.0,0.0,3
1155046364,10.0,3,10,1000.0,0.0,0.0,3
1120218339,10.0,8,10,1040.0,0.0,0.0,3
962203643,10.0,3,10,1000.0,0.6000000000000001,0.0,3
344662885,10.0,3,11,0.0,0.6000000000000001,0.0,3
870389928,10.0,3,11,100.0,0.6000000000000001,0.0,3
260906368,10.0,3,11,20.0,0.0,0.0,3
165643720,10.0,39,9,0.0,0.6000000000000001,0.0,3
787246286,10.0,7,10,10000.0,0.0,0.0,3
920321812,10.0,3,10,0.0,0.0,0.0,3
69059803,10.0,8,11,2000.0,0.0,0.0,3
511889456,10.0,8,11,0.0,0.0,0.0,3
923333197,10.0,8,11,2000.0,0.0,0.0,3
71633561,10.0,3,11,10.0,0.6000000000000001,0.0,3
1225696355,10.0,3,4,2000.0,0.0,0.0,3
253442765,10.0,22,13,0.0,0.6000000000000001,0.0,3
863905356,10.0,34,10,1000.0,0.6000000000000001,0.0,3
545113005,10.0,15,9,0.0,0.0,0.0,3
588613815,10.0,3,9,5000.0,0.0,0.0,3
793823151,10.0,8,10,1000.0,0.0,0.0,3
310561131,10.0,3,10,2000.0,0.0,0.0,3
21495398,10.0,3,11,0.0,0.0,0.0,3
449089289,10.0,3,10,0.0,0.0,0.0,3
209168944,10.0,3,10,0.0,0.4,0.0,3
984763588,10.0,8,9,1008.0,0.0,0.0,3
268673627,10.0,3,16,100.0,0.0,0.0,3
613339293,10.0,34,10,1000.0,0.0,0.0,3
702255789,10.0,3,11,0.0,0.0,0.0,3
654189391,10.0,36,10,2000.0,0.6000000000000001,0.0,3
757657917,10.0,3,14,1000.0,0.0,0.0,3
498297658,10.0,51,7,0.0,0.6000000000000001,0.0,3
642702743,10.0,3,11,1500.0,0.0,0.0,3
502449113,10.0,3,11,10000.0,0.0,0.0,3
1204162873,10.0,28,9,0.0,0.0,0.0,3
894201174,10.0,3,10,0.0,0.0,0.0,3
676953669,10.0,3,11,0.0,0.0,0.0,3
98029885,10.0,3,11,0.0,0.4,0.0,3
1170430006,10.0,3,11,0.0,0.4,0.0,3
139799966,10.0,33,9,0.0,0.0,0.0,3
1084656325,10.0,5,11,0.0,0.6000000000000001,0.0,3
1171029049,10.0,3,11,0.0,0.0,0.0,3
370733758,10.0,37,5,500.0,0.0,0.0,3
876361112,10.0,8,14,100.0,0.0,0.0,3
57403793,10.0,42,11,0.0,0.4,0.0,3
1134988699,10.0,7,0,3070.0,0.0,0.0,3
484518599,10.0,3,11,100.0,0.6000000000000001,0.0,3
1113943591,10.0,35,10,1000.0,0.6000000000000001,0.0,3
674356505,10.0,3,11,100.0,0.0,0.0,3
999053299,10.0,3,10,1000.0,0.0,0.0,3
223066538,10.0,42,2,0.0,0.6000000000000001,0.0,3
602582151,10.0,8,11,0.0,0.0,0.0,3
354934080,10.0,3,10,1000.0,0.0,0.0,3
1162966975,10.0,3,11,0.0,0.4,0.0,3
972756526,10.0,3,10,0.0,0.4,0.0,3
501284869,10.0,3,10,1000.0,0.0,0.0,3
1122732191,10.0,33,9,0.0,0.0,0.0,3
1194652581,10.0,17,12,0.0,0.6000000000000001,0.0,3
389991809,10.0,8,10,1000.0,0.6000000000000001,0.0,3
1134589556,10.0,3,10,1000.0,0.0,0.0,3
669720279,10.0,3,12,0.0,0.0,0.0,3
630988110,10.0,15,8,0.0,0.4,0.0,3
810358507,10.0,3,9,1000.0,0.6000000000000001,0.0,3
23965087,10.0,27,9,0.0,0.0,0.0,3
743094233,10.0,17,0,0.0,0.4,0.0,3
823753595,10.0,3,11,100.0,0.6000000000000001,0.0,3
31485576,10.0,3,10,1000.0,0.0,0.0,3
189837841,10.0,8,9,300.0,0.0,0.0,3
679653679,10.0,3,11,1000.0,0.0,0.0,3
204441508,10.0,3,11,0.0,0.4,0.0,3
969953269,10.0,3,11,0.0,0.0,0.0,3
1136409037,10.0,3,11,500.0,0.0,0.0,3
103873188,10.0,8,11,0.0,0.0,0.0,3
427194656,10.0,3,11,1000.0,0.0,0.0,3
60583737,10.0,3,10,0.0,0.4,0.0,3
575759785,10.0,3,11,0.0,0.0,0.0,3
931854045,10.0,3,9,0.0,0.0,0.0,3
925128027,15.0,3,11,0.0,0.0,0.0,3
869052952,10.0,17,11,0.0,0.4,0.0,3
706992684,10.0,8,10,1000.0,0.0,0.0,3
1231570966,10.0,3,11,0.0,0.4,0.0,3
985152374,10.0,18,9,0.0,0.6000000000000001,0.0,3
541074519,10.0,18,11,0.0,0.6000000000000001,0.0,3
243173903,10.0,3,17,0.0,0.0,0.0,3
623813104,10.0,37,9,0.0,0.0,0.0,3
864491451,10.0,23,9,0.0,0.0,0.0,3
365163985,10.0,3,11,0.0,0.0,0.0,3
980679228,10.0,39,9,0.0,0.0,0.0,3
201426723,10.0,3,11,3.0,0.0,0.0,3
108321720,10.0,28,9,0.0,0.0,0.0,3
373658414,10.0,41,9,0.0,0.0,0.0,3
969398973,10.0,3,11,0.0,0.0,0.0,3
1181990449,10.0,39,9,0.0,0.0,0.0,3
1085632906,10.0,3,11,1000.0,0.0,0.0,3
1078610965,10.0,42,9,0.0,0.0,0.0,3
981755116,10.0,3,11,0.0,0.6000000000000001,0.0,3
401234206,10.0,8,10,0.0,0.0,0.0,3
176600452,10.0,3,11,538.0,0.0,0.0,3
301743547,10.0,3,11,50.0,0.0,0.0,3
18993520,10.0,34,8,50.0,0.0,0.0,3
1005189649,10.0,3,10,100.0,0.6000000000000001,0.0,3
1071445360,10.0,3,10,1000.0,0.0,0.0,3
1196771758,10.0,3,4,2000.0,0.0,0.0,3
847966170,10.0,33,9,0.0,0.0,0.0,3
272392537,10.0,3,11,0.0,0.4,0.0,3
1184343220,10.0,3,10,5000.0,0.0,0.0,3
779108758,10.0,3,10,200.0,0.6000000000000001,0.0,3
1129291635,10.0,3,10,0.0,0.4,0.0,3
201934483,10.0,18,11,0.0,0.6000000000000001,0.0,3
563620881,10.0,3,11,50.0,0.6000000000000001,0.0,3
898832183,10.0,3,10,1500.0,0.6000000000000001,0.0,3
1044407914,10.0,5,11,0.0,0.4,0.0,3
159915398,10.0,3,10,112.0,0.0,0.0,3
976639581,10.0,3,11,1000.0,0.0,0.0,3
228182297,10.0,3,9,0.0,0.0,0.0,3
1145588094,10.0,35,10,5000.0,0.6000000000000001,0.0,3
155483666,10.0,3,9,0.0,0.6000000000000001,0.0,3
222738122,10.0,3,10,1000.0,0.0,0.0,3
83635094,10.0,8,11,100.0,0.0,0.0,3
847167121,10.0,42,9,0.0,0.0,0.0,3
964475282,10.0,5,11,0.0,0.0,0.0,3
182860089,10.0,3,11,0.0,0.0,0.0,3
171400255,10.0,42,9,0.0,0.0,0.0,3
749944233,10.0,3,11,0.0,0.0,0.0,3
922669892,10.0,42,9,0.0,0.0,0.0,3
85350451,10.0,42,9,0.0,0.0,0.0,3
67448426,10.0,22,9,0.0,0.0,0.0,3
570449426,10.0,3,11,0.0,0.0,0.0,3
971837647,10.0,3,11,200.0,0.0,0.0,3
338094005,10.0,5,10,50.0,0.6000000000000001,0.0,3
637079923,10.0,3,11,1000.0,0.0,0.0,3
105797169,10.0,3,11,0.0,0.4,0.0,3
436147605,10.0,3,13,100.0,0.0,0.0,3
664043828,10.0,3,11,0.0,0.0,0.0,3
1148827754,10.0,5,11,1000.0,0.0,0.0,3
617917621,10.0,3,10,0.0,0.4,0.0,3
93483092,10.0,3,5,0.0,0.0,0.0,3
1157801936,10.0,8,10,0.0,0.0,0.0,3
747511147,10.0,3,11,100.0,0.6000000000000001,0.0,3
1203097851,10.0,3,10,0.0,0.0,0.0,3
644866360,10.0,8,10,0.0,0.0,0.0,3
242119654,10.0,7,9,200.0,0.0,0.0,3
860165968,10.0,17,11,0.0,0.6000000000000001,0.0,3
97983732,10.0,3,10,0.0,0.4,0.0,3
36314847,10.0,3,9,0.0,0.0,0.0,3
499835405,10.0,3,11,0.0,0.4,0.0,3
451366452,10.0,3,11,200.0,0.0,0.0,3
902108488,10.0,3,5,100.0,0.0,0.0,3
759937211,10.0,44,14,500.0,0.0,0.0,3
744696426,10.0,3,11,0.0,0.0,0.0,3
182951228,10.0,3,10,200.0,0.0,0.0,3
1071396571,10.0,18,9,0.0,0.6000000000000001,0.0,3
219561925,10.0,53,11,1000.0,0.6000000000000001,0.0,3
1174164290,10.0,3,11,200.0,0.0,0.0,3
91190477,10.0,3,11,0.0,0.6000000000000001,0.0,3
876098486,10.0,3,11,0.0,0.4,0.0,3
615463212,10.0,3,11,0.0,0.4,0.0,3
1156613538,10.0,3,11,0.0,0.0,0.0,3
91850727,10.0,3,11,0.0,0.0,0.0,3
1123383810,10.0,3,10,200.0,0.6000000000000001,0.0,3
40304519,10.0,32,9,0.0,0.0,0.0,3
597303107,10.0,3,9,400.0,0.0,0.0,3
594044076,10.0,3,9,1000.0,0.0,0.0,3
609918352,10.0,3,10,0.0,0.0,0.0,3
855315125,10.0,3,10,0.0,0.4,0.0,3
96684219,10.0,3,10,1000.0,0.0,0.0,3
559056077,10.0,3,10,0.0,0.0,0.0,3
234672002,10.0,3,11,0.0,0.4,0.0,3
407780352,10.0,53,11,0.0,0.0,0.0,3
259184634,10.0,3,11,0.0,0.6000000000000001,0.0,3
357082486,10.0,3,11,100.0,0.0,0.0,3
279413112,10.0,5,10,0.0,0.0,0.0,3
927146990,10.0,3,11,0.0,0.6000000000000001,0.0,3
370409549,10.0,27,9,0.0,0.6000000000000001,0.0,3
241254434,10.0,3,11,100.0,0.0,0.0,3
599939627,10.0,3,11,0.0,0.0,0.0,3
21013823,10.0,3,10,1000.0,0.6000000000000001,0.0,3
379104416,10.0,22,4,0.0,0.6000000000000001,0.0,3
795933195,10.0,3,11,20.0,0.0,0.0,3
891132155,10.0,3,11,0.0,0.0,0.0,3
1160651495,10.0,3,10,1000.0,0.0,0.0,3
194632375,10.0,3,11,1000.0,0.0,0.0,3
613754775,10.0,3,11,1000.0,0.0,0.0,3
1137017099,10.0,34,5,50.0,0.6000000000000001,0.0,3
961444944,10.0,3,11,81.0,0.6000000000000001,0.0,3
423005894,10.0,3,9,1000.0,0.6000000000000001,0.0,3
241484762,10.0,8,10,1000.0,0.0,0.0,3
1001486243,10.0,3,11,0.0,0.4,0.0,3
1195500750,10.0,3,11,0.0,0.4,0.0,3
723394308,10.0,3,11,0.0,0.4,0.0,3
487069415,10.0,3,11,0.0,0.4,0.0,3
257560956,10.0,8,10,1000.0,0.0,0.0,3
218481195,10.0,3,10,0.0,0.0,0.0,3
737891753,10.0,7,8,0.0,0.6000000000000001,0.0,3
26019577,10.0,22,10,0.0,0.6000000000000001,0.0,3
593074878,10.0,3,10,1000.0,0.0,0.0,3
382534246,10.0,8,11,0.0,0.4,0.0,3
983569656,10.0,3,10,0.0,0.0,0.0,3
266783579,10.0,3,10,5000.0,0.0,0.0,3
363501805,10.0,5,0,1000.0,0.0,0.0,3
1156804547,10.0,3,11,1000.0,0.0,0.0,3
773537902,10.0,36,10,1000.0,0.6000000000000001,0.0,3
520284012,10.0,3,11,100.0,0.4,0.0,3
126131663,10.0,3,11,0.0,0.0,0.0,3
911431212,10.0,32,9,0.0,0.0,0.0,3
217670802,10.0,3,11,0.0,0.0,0.0,3
304651929,10.0,17,11,0.0,0.4,0.0,3
59700358,10.0,35,9,1100.0,0.0,0.0,3
1040633449,10.0,3,11,100.0,0.0,0.0,3
691933262,10.0,3,11,0.0,0.0,0.0,3
660529291,10.0,3,11,1000.0,0.0,0.0,3
333831953,10.0,3,11,100.0,0.0,0.0,3
863065175,10.0,3,11,0.0,0.0,0.0,3
519478266,10.0,20,9,0.0,0.4,0.0,3
633789515,10.0,44,11,500.0,0.6000000000000001,0.0,3
616014124,10.0,3,11,1000.0,0.0,0.0,3
1151352690,10.0,3,11,100.0,0.0,0.0,3
687434437,10.0,3,10,1000.0,0.4,0.0,3
980065366,10.0,7,10,5000.0,0.0,0.0,3
945522060,10.0,34,2,5000.0,0.0,0.0,3
1059635469,10.0,3,10,0.0,0.0,0.0,3
835606294,10.0,3,11,100.0,0.0,0.0,3
82122707,10.0,3,11,0.0,0.0,0.0,3
831147391,10.0,8,10,1000.0,0.0,0.0,3
945761891,10.0,3,9,3000.0,0.6000000000000001,0.0,3
494104735,10.0,3,10,1000.0,0.0,0.0,3
695838888,10.0,16,7,0.0,0.6000000000000001,0.0,3
1171150423,10.0,42,10,0.0,0.6000000000000001,0.0,3
625761900,10.0,3,10,0.0,0.0,0.0,3
1147114228,10.0,3,10,1000.0,0.0,0.0,3
640634768,10.0,3,10,1000.0,0.0,0.0,3
125793225,10.0,3,11,0.0,0.6000000000000001,0.0,3
417024900,10.0,8,11,0.0,0.0,0.0,3
896496122,10.0,42,9,0.0,0.6000000000000001,0.0,3
585699602,15.0,22,9,0.0,0.0,0.0,3
901165713,10.0,34,10,2000.0,0.6000000000000001,0.0,3
1020651292,10.0,3,11,0.0,0.4,0.0,3
210467886,10.0,5,11,0.0,0.4,0.0,3
1138059871,10.0,8,11,0.0,0.0,0.0,3
1095248681,10.0,48,11,0.0,0.0,0.0,3
901442380,10.0,0,11,0.0,0.6000000000000001,0.0,3
1032231861,15.0,7,9,100.0,0.0,0.0,3
72751747,10.0,3,0,200.0,0.0,0.0,3
741587520,10.0,14,11,100.0,0.0,0.0,3
638607427,10.0,55,14,100.0,0.0,0.0,3
179736494,10.0,3,10,0.0,0.4,0.0,3
968596017,10.0,3,11,0.0,0.0,0.0,3
526601849,10.0,36,9,20000.0,0.0,0.0,3
149089962,10.0,3,9,0.0,0.0,0.0,3
699829806,10.0,3,10,100.0,0.0,0.0,3
1067569329,10.0,42,9,0.0,0.6000000000000001,0.0,3
1084529852,10.0,5,11,0.0,0.6000000000000001,0.0,3
1076423594,10.0,5,11,0.0,0.4,0.0,3
873516810,10.0,3,14,1000.0,0.0,0.0,3
28115559,10.0,3,10,2000.0,0.0,0.0,3
879756096,10.0,3,10,1000.0,0.0,0.0,3
83592198,10.0,34,3,2000.0,0.0,0.0,3
980870345,10.0,42,9,0.0,0.6000000000000001,0.0,3
1002383444,10.0,34,5,0.0,0.6000000000000001,0.0,3
648328511,10.0,36,10,120.0,0.0,0.0,3
1083520474,10.0,3,11,100.0,0.0,0.0,3
967759172,10.0,3,11,0.0,0.4,0.0,3
1221225611,10.0,3,11,2000.0,0.0,0.0,3
156633095,10.0,6,11,500.0,0.0,0.0,3
247673982,10.0,3,11,100.0,0.0,0.0,3
195986951,10.0,5,11,0.0,0.0,0.0,3
404262350,10.0,57,7,0.0,0.0,0.0,3
1171981869,10.0,5,5,10.0,0.0,0.0,3
808770323,15.0,8,11,1000.0,0.0,0.0,3
836459599,10.0,3,9,100.0,0.0,0.0,3
543705570,10.0,39,17,0.0,0.0,0.0,3
687324572,10.0,39,17,0.0,0.0,0.0,3
244689476,10.0,39,17,0.0,0.0,0.0,3
723931286,10.0,17,5,0.0,0.0,0.0,3
259531184,10.0,17,17,0.0,0.0,0.0,3
378084493,10.0,3,17,0.0,0.0,0.0,3
644809796,10.0,5,17,0.0,0.0,0.0,3
967178786,10.0,5,17,0.0,0.0,0.0,3
572206069,10.0,39,9,0.0,0.0,0.0,3
895803396,10.0,3,17,0.0,0.0,0.0,3
1234551265,10.0,22,9,0.0,0.0,0.0,3
63582672,10.0,34,17,0.0,0.0,0.0,3
544535449,10.0,42,9,0.0,0.0,0.0,3
12226898,10.0,42,17,0.0,0.0,0.0,3
1216488647,10.0,9,9,0.0,0.0,0.0,3
1133928655,10.0,42,9,0.0,0.0,0.0,3
526297028,10.0,3,11,0.0,0.0,0.0,3
1107265345,10.0,3,17,0.0,0.0,0.0,3
1146888201,10.0,3,17,0.0,0.0,0.0,3
855400778,10.0,17,17,0.0,0.0,0.0,3
1104165650,10.0,3,17,0.0,0.0,0.0,0
984569272,10.0,34,17,0.0,0.0,0.0,3
858841122,10.0,3,17,0.0,0.0,0.0,3
984900329,10.0,22,17,0.0,0.0,0.0,3
454598470,10.0,3,17,0.0,0.0,0.0,3
746663171,10.0,3,9,0.0,0.0,0.0,3
549474254,10.0,3,11,0.0,0.0,0.0,3
113629043,10.0,42,17,0.0,0.0,0.0,3
706533368,10.0,17,12,0.0,0.0,0.0,3
902529344,10.0,3,11,0.0,0.0,0.0,3
498948676,10.0,17,17,0.0,0.0,0.0,3
959356660,10.0,3,17,0.0,0.0,0.0,3
198997911,10.0,3,17,0.0,0.0,0.0,3
1027445808,10.0,3,17,0.0,0.0,0.0,3
545311681,10.0,3,17,0.0,0.0,0.0,3
147928195,10.0,17,17,0.0,0.0,0.0,3
980971687,10.0,3,11,0.0,0.0,0.0,3
481196039,10.0,5,17,0.0,0.0,0.0,3
336152652,10.0,5,17,0.0,0.0,0.0,3
281760299,10.0,17,17,0.0,0.0,0.0,3
1186127012,10.0,3,17,0.0,0.0,0.0,3
596536539,10.0,23,17,0.0,0.0,0.0,3
559337070,10.0,17,11,0.0,0.0,0.0,3
807545963,10.0,3,11,0.0,0.0,0.0,3
840667182,10.0,15,17,0.0,0.0,0.0,3
908598168,10.0,24,17,0.0,0.0,0.0,3
498495445,10.0,5,11,0.0,0.0,0.0,3
454698758,10.0,5,17,0.0,0.0,0.0,3
36205817,10.0,45,17,0.0,0.0,0.0,3
737371003,10.0,5,17,0.0,0.0,0.0,3
81824781,10.0,27,9,0.0,0.0,0.0,3
15815442,10.0,3,11,0.0,0.0,0.0,3
276399223,10.0,24,17,0.0,0.0,0.0,3
1045993326,10.0,3,17,0.0,0.0,0.0,3
173254885,10.0,22,17,0.0,0.0,0.0,3
582002559,10.0,25,17,0.0,0.0,0.0,3
1171087251,10.0,39,9,0.0,0.0,0.0,3
999778362,10.0,3,11,0.0,0.0,0.0,3
967715091,10.0,42,9,0.0,0.0,0.0,3
1131393327,10.0,3,11,0.0,0.0,0.0,3
654517147,10.0,5,11,0.0,0.0,0.0,3
184716972,10.0,3,11,0.0,0.0,0.0,3
313133445,10.0,17,9,0.0,0.0,0.0,3
55154477,10.0,3,11,0.0,0.0,0.0,3
31059501,10.0,17,11,0.0,0.0,0.0,3
168167271,10.0,7,11,0.0,0.0,0.0,3
955800839,10.0,3,11,0.0,0.0,0.0,3
1092634720,10.0,3,11,0.0,0.0,0.0,3
1039513119,10.0,3,11,0.0,0.0,0.0,3
681902390,10.0,17,11,0.0,0.0,0.0,3
979796624,10.0,17,11,0.0,0.0,0.0,3
1224910526,10.0,3,11,0.0,0.0,0.0,3
556817970,10.0,3,11,0.0,0.0,0.0,3
775470364,10.0,17,12,0.0,0.0,0.0,3
661983109,10.0,3,11,0.0,0.0,0.0,3
45358815,10.0,5,11,0.0,0.0,0.0,3
658994725,10.0,3,11,0.0,0.0,0.0,3
144254505,10.0,17,11,0.0,0.0,0.0,3
729065770,10.0,17,11,0.0,0.0,0.0,3
713032745,10.0,3,11,0.0,0.0,0.0,3
639259734,10.0,3,11,0.0,0.0,0.0,3
871701350,10.0,8,11,0.0,0.0,0.0,3
1219036670,10.0,3,9,0.0,0.0,0.0,3
512431876,10.0,3,11,0.0,0.0,0.0,3
1210547732,10.0,45,5,0.0,0.0,0.0,3
978903262,10.0,5,4,0.0,0.0,0.0,3
1030374833,10.0,3,11,0.0,0.0,0.0,3
850424865,10.0,39,9,0.0,0.0,0.0,3
560956242,10.0,5,11,0.0,0.0,0.0,3
55974146,10.0,42,9,0.0,0.0,0.0,3
1092710484,10.0,3,11,0.0,0.0,0.0,3
1150345085,10.0,3,11,0.0,0.0,0.0,3
385410214,10.0,3,11,0.0,0.0,0.0,3
808829718,10.0,3,11,0.0,0.0,0.0,3
755554204,10.0,3,11,0.0,0.0,0.0,3
280798900,10.0,3,10,0.0,0.0,0.0,3
453763779,10.0,5,11,0.0,0.0,0.0,3
86549789,10.0,3,11,0.0,0.0,0.0,3
840241664,10.0,17,11,0.0,0.0,0.0,3
931799739,10.0,42,9,0.0,0.0,0.0,3
433924864,10.0,3,9,0.0,0.0,0.0,3
743852767,10.0,8,11,0.0,0.0,0.0,3
1094896678,10.0,3,11,0.0,0.0,0.0,3
1126050497,10.0,5,11,0.0,0.0,0.0,3
788253802,10.0,3,11,0.0,0.0,0.0,3
155108186,10.0,3,11,0.0,0.0,0.0,3
239317026,10.0,5,11,0.0,0.0,0.0,3
832723135,10.0,3,11,0.0,0.0,0.0,3
839138446,10.0,5,11,0.0,0.0,0.0,3
875001560,10.0,3,11,0.0,0.0,0.0,3
1007064328,10.0,3,10,0.0,0.0,0.0,3
1229308413,10.0,3,11,0.0,0.0,0.0,3
1175476555,10.0,3,11,0.0,0.0,0.0,3
827697277,10.0,3,11,0.0,0.0,0.0,3
771597803,10.0,3,11,0.0,0.0,0.0,3
137420711,10.0,5,11,0.0,0.0,0.0,3
590380082,10.0,3,11,0.0,0.0,0.0,3
779171054,10.0,3,11,0.0,0.0,0.0,3
552782271,10.0,39,9,0.0,0.0,0.0,3
224800557,10.0,3,11,0.0,0.0,0.0,3
531740531,10.0,5,11,0.0,0.0,0.0,3
245749480,10.0,3,11,0.0,0.0,0.0,3
778618681,10.0,3,11,0.0,0.0,0.0,3
464496132,10.0,3,9,0.0,0.0,0.0,3
754729197,10.0,5,14,0.0,0.0,0.0,3
710214387,10.0,3,11,0.0,0.0,0.0,3
268812627,10.0,5,11,0.0,0.0,0.0,3
128586221,10.0,5,8,0.0,0.0,0.0,3
565431296,10.0,3,11,0.0,0.0,0.0,3
271766050,10.0,5,9,0.0,0.0,0.0,3
790459290,10.0,17,11,0.0,0.0,0.0,3
636371407,10.0,23,9,0.0,0.0,0.0,3
1154851386,10.0,3,9,0.0,0.0,0.0,3
266150579,10.0,3,11,0.0,0.0,0.0,3
317725479,10.0,55,11,0.0,0.0,0.0,3
1124643599,10.0,3,11,0.0,0.0,0.0,3
574767005,10.0,3,11,0.0,0.0,0.0,3
179130087,10.0,5,11,0.0,0.0,0.0,3
65152371,10.0,3,9,0.0,0.0,0.0,3
289437084,10.0,3,11,0.0,0.0,0.0,3
43121584,10.0,5,11,0.0,0.0,0.0,3
377494505,10.0,3,11,0.0,0.0,0.0,3
799939865,10.0,17,5,0.0,0.0,0.0,3
813432062,10.0,3,11,0.0,0.0,0.0,3
975904588,10.0,3,9,0.0,0.0,0.0,3
780416659,10.0,7,11,0.0,0.0,0.0,3
1061335364,10.0,3,11,0.0,0.0,0.0,3
64302585,10.0,5,10,0.0,0.0,0.0,3
873440262,10.0,3,11,0.0,0.0,0.0,3
769985674,10.0,5,10,0.0,0.0,0.0,3
568611682,10.0,5,11,0.0,0.0,0.0,3
1088886065,10.0,3,9,0.0,0.0,0.0,3
790876167,10.0,3,11,0.0,0.0,0.0,3
269208216,10.0,5,11,0.0,0.0,0.0,3
732893666,10.0,17,11,0.0,0.0,0.0,3
655662190,10.0,5,11,0.0,0.0,0.0,3
523896827,10.0,3,11,0.0,0.0,0.0,3
1161569194,10.0,22,11,0.0,0.0,0.0,3
350426564,10.0,3,11,0.0,0.0,0.0,3
396924982,10.0,5,11,0.0,0.0,0.0,3
485439409,10.0,4,11,0.0,0.0,0.0,3
1085928169,10.0,5,11,0.0,0.0,0.0,3
307776813,10.0,3,11,0.0,0.0,0.0,3
1073389175,10.0,3,11,0.0,0.0,0.0,3
1150249253,10.0,22,11,0.0,0.0,0.0,3
1017495718,10.0,42,9,0.0,0.0,0.0,3
885747844,10.0,3,11,0.0,0.0,0.0,3
183068006,10.0,17,11,0.0,0.0,0.0,3
1177621078,10.0,5,11,0.0,0.0,0.0,3
940901518,10.0,3,9,0.0,0.0,0.0,3
1106523479,10.0,3,11,0.0,0.0,0.0,3
849760078,10.0,3,11,0.0,0.0,0.0,3
741092229,10.0,5,11,0.0,0.0,0.0,3
697310538,10.0,19,11,0.0,0.0,0.0,3
172819580,10.0,3,11,0.0,0.0,0.0,3
619644733,10.0,5,11,0.0,0.0,0.0,3
1176374787,10.0,8,11,0.0,0.0,0.0,3
863720151,10.0,3,11,0.0,0.0,0.0,3
1096448547,10.0,3,11,0.0,0.0,0.0,3
188378640,10.0,17,11,0.0,0.0,0.0,3
207842498,10.0,3,11,0.0,0.0,0.0,3
1202136378,10.0,17,9,0.0,0.0,0.0,3
37575303,10.0,17,11,0.0,0.0,0.0,3
989305623,10.0,17,9,0.0,0.0,0.0,3
1157141609,10.0,17,11,0.0,0.0,0.0,3
954111754,10.0,3,11,0.0,0.0,0.0,3
621376826,10.0,8,11,0.0,0.0,0.0,3
422834113,10.0,3,11,0.0,0.0,0.0,3
535903987,10.0,3,11,0.0,0.0,0.0,3
106159112,10.0,3,11,0.0,0.0,0.0,3
847757925,10.0,3,11,0.0,0.0,0.0,3
1152771187,10.0,45,11,0.0,0.0,0.0,3
999311396,10.0,41,9,0.0,0.0,0.0,3
38729301,10.0,5,11,0.0,0.0,0.0,3
345305648,10.0,3,11,0.0,0.0,0.0,3
1136960370,10.0,3,11,0.0,0.0,0.0,3
1061433529,10.0,17,9,0.0,0.0,0.0,3
139635497,10.0,5,11,0.0,0.0,0.0,3
103568085,10.0,3,11,0.0,0.0,0.0,3
629283406,10.0,3,11,0.0,0.0,0.0,3
252194412,10.0,39,9,0.0,0.0,0.0,3
330427658,10.0,3,11,0.0,0.0,0.0,3
43660991,10.0,3,11,0.0,0.0,0.0,3
445153528,10.0,45,14,0.0,0.0,0.0,3
95541952,10.0,17,5,0.0,0.0,0.0,3
423047566,10.0,17,11,0.0,0.0,0.0,3
963973468,10.0,3,11,0.0,0.0,0.0,3
240477504,10.0,5,11,0.0,0.0,0.0,3
472194466,10.0,3,11,0.0,0.0,0.0,3
664739146,10.0,3,11,0.0,0.0,0.0,3
117440828,10.0,17,9,0.0,0.0,0.0,3
453058078,10.0,3,11,0.0,0.0,0.0,3
786225410,10.0,5,11,0.0,0.0,0.0,3
163710962,10.0,6,11,0.0,0.0,0.0,3
978177690,10.0,42,9,0.0,0.0,0.0,3
1095255395,10.0,5,11,0.0,0.0,0.0,3
487270186,10.0,5,11,0.0,0.0,0.0,3
1133148535,10.0,3,5,0.0,0.0,0.0,3
726792281,10.0,32,9,0.0,0.0,0.0,3
926989116,10.0,3,11,0.0,0.0,0.0,3
451276289,10.0,17,11,0.0,0.0,0.0,3
221129618,10.0,3,11,0.0,0.0,0.0,3
734208554,10.0,3,11,0.0,0.0,0.0,3
487368452,10.0,19,11,0.0,0.0,0.0,3
332830883,10.0,5,11,0.0,0.0,0.0,3
241027080,10.0,5,11,0.0,0.0,0.0,3
352154686,10.0,3,11,0.0,0.0,0.0,3
1234080701,10.0,3,11,0.0,0.0,0.0,3
314423897,10.0,3,11,0.0,0.0,0.0,3
609705973,10.0,3,0,0.0,0.0,0.0,3
1042529943,10.0,5,11,0.0,0.0,0.0,3
840773724,10.0,42,9,0.0,0.0,0.0,3
1012161991,10.0,3,11,0.0,0.0,0.0,3
1158231606,10.0,5,11,0.0,0.0,0.0,3
412269704,10.0,3,11,0.0,0.0,0.0,3
147712098,10.0,17,9,0.0,0.0,0.0,3
344816768,10.0,17,9,0.0,0.0,0.0,3
304006362,10.0,3,11,0.0,0.0,0.0,3
778337077,10.0,3,11,0.0,0.0,0.0,3
902490086,10.0,3,11,0.0,0.0,0.0,3
124290587,10.0,3,11,0.0,0.0,0.0,3
524732550,10.0,3,11,0.0,0.0,0.0,3
1059375498,10.0,5,11,0.0,0.0,0.0,3
1063409252,10.0,3,11,0.0,0.0,0.0,3
1131513706,10.0,5,11,0.0,0.0,0.0,3
234912544,10.0,47,11,0.0,0.0,0.0,3
364402560,10.0,3,11,0.0,0.0,0.0,3
1189577828,10.0,5,11,0.0,0.0,0.0,3
103499258,10.0,5,11,0.0,0.0,0.0,3
119860111,10.0,5,9,0.0,0.0,0.0,3
583941202,10.0,3,11,0.0,0.0,0.0,3
36052559,10.0,3,11,0.0,0.0,0.0,3
11955191,10.0,3,9,0.0,0.0,0.0,3
1022637407,10.0,3,11,0.0,0.0,0.0,3
877634853,10.0,3,11,0.0,0.0,0.0,3
120078378,10.0,3,11,0.0,0.0,0.0,3
1045219594,10.0,3,11,0.0,0.0,0.0,3
327606212,10.0,3,11,0.0,0.0,0.0,3
5975355,10.0,5,11,0.0,0.0,0.0,3
96704161,10.0,5,11,0.0,0.0,0.0,3
337007395,10.0,3,11,0.0,0.0,0.0,3
667618892,10.0,3,11,0.0,0.0,0.0,3
582994959,10.0,3,11,0.0,0.0,0.0,3
235091898,10.0,3,11,3000.0,0.0,2.0,2
310601570,10.0,56,11,0.0,0.0,0.0,3
357346052,10.0,59,17,0.0,0.0,0.0,1
397916655,10.0,59,17,0.0,0.0,0.0,1
1043932732,10.0,59,17,0.0,0.0,0.0,3
1012375118,10.0,59,17,0.0,0.0,0.0,3
1224096101,10.0,59,17,0.0,0.0,0.0,2
466879194,10.0,59,17,0.0,0.0,0.0,2
565888112,10.0,59,17,0.0,0.0,0.0,2
348589037,10.0,59,17,0.0,0.0,0.0,1
8569461,10.0,59,17,0.0,0.0,0.0,1
