id,entid,CaseType
510,1189743165,3
1318,881639012,3
174,40238525,0
986,325265909,3
74,908247590,2
2165,534082754,3
110,565888112,2
926,1162220290,3
1474,1066230471,3
1315,1063798897,3
1744,1037303193,3
2023,66139401,3
2137,1124148664,3
1112,445220130,3
241,819159156,3
1562,608244362,3
49,782621245,2
2191,486412462,3
565,583114121,3
424,925143437,3
1177,1085857349,3
1321,690424336,3
1190,182860089,3
260,1079431533,3
1984,696234642,3
322,1099012275,3
2246,290278547,3
742,327606212,3
1115,691939625,3
1136,71374755,3
644,593631230,3
480,375798270,3
19,5066338,1
1199,138665184,3
1578,322323136,3
701,667618892,3
880,1229308413,3
479,715299087,3
77,50899367,2
1729,492405943,3
1874,971837647,3
1950,1145588094,3
734,827852465,3
760,523896827,3
169,606066033,0
2421,1090847978,2
531,695526356,3
1932,31485576,3
1395,923931235,3
462,710072547,3
894,978177690,3
991,180016517,3
1469,860188978,3
1915,870389928,3
1933,654189391,3
799,97599295,3
1510,140294893,3
1765,1059635469,3
232,108321720,3
136,954239726,0
26,1180983562,2
388,766344392,3
1914,333686413,3
786,327447823,3
1421,1229741895,3
193,585341041,3
290,1015275963,3
1090,181220374,3
987,662876209,3
1279,854368587,3
619,29156211,3
687,12797847,3
129,395461144,1
1005,1170338772,3
234,1231967447,3
308,542928036,3
818,448253308,3
1299,1085726638,3
1673,807448595,3
2226,635603736,3
178,968740487,0
1476,106159112,3
529,1133313391,3
621,786225410,3
185,995243158,0
1860,1121800093,3
1442,670991159,3
966,1107414197,3
1381,734758428,3
299,115339998,3
706,1183612658,3
1821,744696426,3
858,184716972,3
2059,773481184,3
446,852094752,3
1829,1085632906,3
2071,242119654,3
179,1113017293,0
1780,1067569329,3
2002,737891753,3
2043,1071445360,3
1352,849285849,3
1718,961213869,3
2178,60583737,3
486,831677751,3
367,553787562,3
2040,664043828,3
411,459215844,3
1972,980870345,3
1054,1082243975,3
1490,45358815,3
862,626617037,3
1690,67193838,3
863,137420711,3
1595,587234785,3
1147,1145175331,3
473,850424865,3
1711,726133866,3
643,455489186,3
1539,1043844531,3
1092,1159985852,3
204,774143406,3
175,1027686491,0
788,81824781,3
121,937101326,1
284,532580930,3
1762,449089289,3
1105,545311681,3
1314,676421585,3
1286,964475282,3
1645,1024089624,3
276,1001226199,3
694,473603328,3
603,126406124,3
472,828334189,3
1671,918361308,3
458,832723135,3
835,269208216,3
464,103499258,3
1646,919000691,3
1174,813963206,3
1334,1233351534,3
749,856131192,3
1305,1049675770,3
287,1034982777,3
850,255617404,3
496,226791803,3
164,423791386,0
1937,423005894,3
2337,928615169,2
599,1003813239,3
820,535903987,3
1387,64302585,3
1612,173254885,3
2251,902504771,3
766,1051752215,3
1831,969953269,3
2217,1001486243,3
1676,648226901,3
1360,517353431,3
231,971092189,3
1682,772043264,3
1875,1196771758,3
637,170154605,3
730,889215358,3
523,966456960,3
1041,750392117,3
325,417928253,3
1533,87341364,3
375,1050159128,3
545,603286004,3
1291,83973512,3
2034,162072306,3
298,647570801,3
1698,288764483,3
240,1007251516,3
100,165029844,1
1712,1144820702,3
282,748718009,3
355,613290361,3
2088,961444944,3
945,1121546990,3
2144,993295834,3
716,536607799,3
1872,36314847,3
1186,715868012,3
2080,40304519,3
1026,10698350,3
125,713507630,1
2024,482394235,3
186,799568105,0
2017,1162966975,3
2021,35778606,3
768,560635202,3
678,1063012839,3
1062,999311396,3
2279,203732566,3
2241,1174942886,3
1944,86791918,3
66,212531966,2
1230,1098729478,3
354,5975355,3
1727,77491511,3
908,464408693,3
1232,917505111,3
1559,615699596,3
1527,629283406,3
953,168167271,3
2244,278878337,3
50,669965313,2
1958,682537294,3
2230,1059460430,3
612,8821659,3
875,534061844,3
220,252045506,3
1051,434369652,3
1018,1171981869,3
2112,1194652581,3
24,1075680007,2
465,453047470,3
1750,699829806,3
1754,500016024,3
213,693676134,3
1695,151726554,3
1443,760281101,3
747,1042476978,3
907,83572229,3
708,1131393327,3
2216,494104735,3
1491,619644733,3
2240,43635130,3
1452,352833104,3
1790,267312998,3
1827,696133386,3
2108,316088181,3
1647,911795467,3
2068,945522060,3
2255,593136513,3
2204,972756526,3
361,966961259,3
1135,938735146,3
352,840241664,3
2015,810358507,3
1991,132799368,3
211,408215553,3
1748,325060815,3
1594,249210214,3
1978,687434437,3
300,1077119028,3
307,718426174,3
2016,613754775,3
1212,138410002,3
1122,527302025,3
119,103517987,1
221,725698768,3
555,882946127,3
1693,39306954,3
1975,1134589556,3
238,211101804,3
2261,1138749469,3
1211,380197125,3
904,786901755,3
1859,222738122,3
1910,714619319,3
2223,1136409037,3
995,265543412,3
2448,10711834,2
1707,675065234,3
938,43660991,3
1294,980679228,3
924,365163985,3
1553,59556051,3
14,799080938,3
362,1073389175,3
882,77539620,3
297,315441855,3
1300,85350451,3
1500,332830883,3
680,1224910526,3
410,953672999,3
1193,1113540454,3
2195,691933262,3
1587,566363148,3
1365,204164781,3
1965,1017953670,3
614,635706789,3
1593,867143776,3
383,392624698,3
1088,543705570,3
1369,498948676,3
1197,842409546,3
2058,471239918,3
2483,473247369,2
1969,1040633449,3
1949,758480735,3
1880,125790555,3
669,1220196703,3
1994,401234206,3
1624,276399223,3
9,620868429,2
317,237634336,3
1979,18993520,3
428,569324456,3
106,722691858,2
1264,373658414,3
122,794079288,1
1357,1162881188,3
2172,540750602,3
1923,479006038,3
1502,1045993326,3
116,794337401,1
1319,495172474,3
2164,931854045,3
651,753544918,3
2202,302806995,3
1591,794543130,3
793,739577462,3
1000,713858841,3
675,207842498,3
1034,749231957,3
88,395461144,1
1428,1154191793,3
2239,727182458,3
2196,206555162,3
1405,1012161991,3
1801,1148827754,3
1419,1175476555,3
544,1005206680,3
1488,1106791339,3
495,1222676313,3
1916,1082407313,3
2097,948021147,3
1311,364364966,3
1851,1157160085,3
72,805505073,2
64,342952876,2
1840,676953669,3
1333,572206069,3
1165,604201658,3
1171,911243271,3
1617,1048179815,3
745,380336498,3
1841,923333197,3
887,530384310,3
1789,241254434,3
206,220448783,3
801,1188467492,3
1274,677486778,3
1242,241027080,3
378,109197793,3
536,213804497,3
868,615178523,3
1822,1189025517,3
199,873360537,3
562,453763779,3
1035,807545963,3
520,119860111,3
309,176707190,3
1454,215297274,3
60,212531966,2
2199,1032231861,3
1996,1074668239,3
208,482244002,3
1721,181390989,3
901,1179650368,3
2291,371713118,2
163,423791386,0
1901,176600452,3
1285,140640476,3
630,790876167,3
257,423078773,3
1793,1129291635,3
1666,989027136,3
1890,588320433,3
963,781920232,3
1413,378084493,3
21,485154649,2
1280,549474254,3
808,134161471,3
382,1131513706,3
539,871120598,3
631,1152039403,3
2153,793823151,3
84,873653497,1
1019,468888250,3
1045,1061433529,3
1245,55154477,3
271,1027568465,3
1462,758012511,3
1396,975904588,3
1603,1111922976,3
1629,1018283505,3
2218,723394308,3
1412,763566074,3
430,607278503,3
2311,1032328768,2
917,1151305842,3
1981,59700358,3
459,361556788,3
79,1022501713,2
33,368132676,2
846,428159673,3
695,580309977,3
2082,879756096,3
381,748711858,3
999,1230510896,3
2243,308649052,3
1627,1227147497,3
306,716930547,3
210,533954281,3
1906,783395514,3
1787,310561131,3
2332,322394797,2
2484,1154188320,2
679,518601962,3
671,1185979689,3
1798,139799966,3
1581,998553068,3
2280,559337070,3
484,454698758,3
1238,1186127012,3
278,411188025,3
1724,526477932,3
222,232565764,3
1273,1151926621,3
572,1165654536,3
412,1118845943,3
1546,1234551265,3
1925,498297658,3
586,778337077,3
1028,234404727,3
857,779171054,3
1472,181520887,3
1323,564619951,3
977,934993648,3
448,777389681,3
893,968150919,3
1458,422834113,3
1086,668158638,3
1957,357082486,3
1904,660584882,3
841,1190580640,3
46,726175830,2
2013,901165713,3
1320,1030291407,3
295,234912544,3
949,1082490942,3
589,276640884,3
1856,442290867,3
2188,201934483,3
1101,876006391,3
1883,660529291,3
1597,660306874,3
437,720719528,3
1912,639759280,3
1843,999053299,3
394,462447349,3
2212,312152062,3
535,1026610675,3
31,636710052,2
2266,353587921,3
2182,1024794959,3
1085,583941202,3
1267,1082685891,3
1453,1005484133,3
2054,39447937,3
1196,1024186033,3
1074,743852767,3
1188,742400980,3
345,315181301,3
557,1079648641,3
2121,910718749,3
681,565113965,3
1072,279005699,3
2275,137903147,3
353,613690678,3
92,1022501713,2
1107,1183612211,3
1858,1076423594,3
1081,915092028,3
765,847757925,3
262,916447957,3
989,445153528,3
2370,1003634226,2
2031,747511147,3
568,225802790,3
1282,566709980,3
1608,644394656,3
2049,599939627,3
870,380623635,3
1222,840773724,3
1570,536153085,3
301,370924930,3
743,574226120,3
1117,694459494,3
1383,256615940,3
1457,445480221,3
316,1041614706,3
1876,488975702,3
454,1157141609,3
602,221129618,3
176,203509981,0
856,855400778,3
1434,1061335364,3
38,1174536977,2
124,463584372,1
787,970738170,3
395,775583569,3
1069,432161556,3
1114,113629043,3
40,1012375118,3
463,1145631240,3
2319,548493601,2
1747,186853378,3
332,327107238,3
1852,661117047,3
195,606816694,3
2180,1150637501,3
2205,487069415,3
635,1088282626,3
323,722415296,3
2041,570449426,3
267,887911034,3
1460,1216488647,3
1878,6217287,3
580,305088290,3
1660,134014987,3
1607,368872124,3
1943,301509588,3
980,1107560411,3
1853,182347730,3
1670,530796948,3
1736,335693175,3
1917,125793225,3
1599,201054148,3
1361,1020595851,3
2237,891132155,3
889,851397728,3
573,12226898,3
1384,188378640,3
2006,21013823,3
2101,702255789,3
1055,619642009,3
830,544535449,3
1934,976639581,3
916,526297028,3
54,613813071,2
773,245720891,3
1377,100233421,3
1961,1131073307,3
1308,1058552500,3
506,897511444,3
753,487270186,3
1870,407780352,3
1871,16959685,3
1424,601302943,3
943,16370806,3
366,849377837,3
1235,323717895,3
1346,163955432,3
1038,284778927,3
1542,142218422,3
2277,1057348056,3
584,1017495718,3
1341,723931286,3
772,193764953,3
2169,877487169,3
1888,702990878,3
153,925193355,0
2074,851620553,3
1777,835696872,3
1006,596716081,3
2290,70578920,2
1463,827697277,3
319,919169251,3
839,275122329,3
1001,336152652,3
927,507433114,3
1847,706992684,3
965,487814001,3
2098,535352782,3
1002,425886436,3
1316,1085075577,3
344,950477262,3
399,655662190,3
585,412269704,3
1574,69491770,3
2100,154066294,3
1262,661542888,3
293,254160203,3
1745,225291331,3
1223,450904367,3
1129,623813104,3
1290,755554204,3
142,933329028,0
1963,927146990,3
3,357346052,1
1234,471931044,3
577,1018107647,3
2346,121205650,2
340,285828433,3
359,139635497,3
266,581046359,3
377,558787191,3
1447,1150249253,3
842,794816216,3
440,1054467519,3
272,858710610,3
2300,122697049,2
1848,1200400610,3
245,166396479,3
2295,500120338,2
1669,615613250,3
1243,691834047,3
1095,649944968,3
874,137040147,3
860,1062569770,3
608,153234185,3
416,858841122,3
274,920939603,3
1640,863431175,3
781,362903000,3
1104,596536539,3
251,691454697,3
414,347193582,3
2181,309977928,3
1796,349722036,3
1182,919821609,3
311,217269397,3
2186,1021056068,3
2086,424537795,3
426,620591783,3
2249,988033114,3
1720,900005310,3
2094,438703390,3
722,67448426,3
1773,95375757,3
349,862518655,3
1353,183833080,3
1065,1207030622,3
527,739078714,3
2072,1123383810,3
364,601440257,3
183,315091037,0
171,1141604708,0
2079,541074519,3
979,15412559,3
1564,1217625539,3
813,451276289,3
188,515804857,0
620,177233633,3
152,60068624,0
159,1102534779,0
1056,94136991,3
273,127746,3
615,807621140,3
2032,1122732191,3
1103,814750034,3
1271,794266200,3
372,188029906,3
223,100195671,3
594,926989116,3
477,1000603123,3
930,211469713,3
1563,651615212,3
1845,204441508,3
840,955800839,3
688,822541486,3
1399,532386625,3
137,954239726,0
519,265904608,3
629,647313960,3
335,313133445,3
782,295521760,3
1252,240477504,3
1813,21495398,3
1382,498426938,3
1011,190939668,3
1513,808829718,3
711,1153663696,3
16,342952876,2
1111,708296085,3
288,594662985,3
1224,481196039,3
2018,28115559,3
1358,760576075,3
2132,1023191086,3
571,36052559,3
655,632218956,3
1030,802576866,3
1272,1087388731,3
466,109349946,3
1865,72751747,3
200,635899624,3
2158,250442914,3
1573,60501171,3
1388,640725174,3
1826,698946445,3
1481,254014915,3
1176,697310538,3
1823,337190674,3
1703,898924800,3
1229,1113555915,3
592,472194466,3
1293,507043244,3
1833,781576227,3
1076,1083257511,3
1855,98029885,3
1138,682636,3
1742,194980333,3
1084,1171087251,3
1619,265658557,3
817,744263988,3
44,999574110,2
1363,944041827,3
275,65683190,3
1438,959356660,3
866,1022637407,3
102,658987796,1
1248,367450094,3
1133,1152309238,3
1303,1005435467,3
108,58641410,2
1343,716838666,3
498,1124643599,3
2367,612112841,2
803,978425250,3
2110,455084325,3
2113,779108758,3
1042,849760078,3
1269,55974146,3
1160,1090257579,3
1450,1190155319,3
1946,246124439,3
2129,869052952,3
2065,82122707,3
1659,1222880377,3
713,15678213,3
73,485154649,2
501,770012999,3
1583,297060062,3
1526,521978266,3
2232,40446487,3
482,304078443,3
1404,794653722,3
507,1067030732,3
1606,1134259656,3
1144,343998876,3
1691,515805204,3
1743,272347642,3
1756,150680780,3
2447,1187165635,2
1655,764214585,3
1726,856331759,3
1342,388851900,3
1868,876361112,3
1730,1081055617,3
312,239317026,3
1700,858296240,3
406,155522038,3
758,1007064328,3
1692,1224174911,3
1367,1181990449,3
1575,829830764,3
2173,69008037,3
310,841541151,3
227,829944891,3
744,345305648,3
807,1155942293,3
2142,863065175,3
1317,731471307,3
1610,808770323,3
2003,583768839,3
1674,354991442,3
1270,117440828,3
2051,300550274,3
149,48139721,0
1048,88880631,3
1217,281760299,3
1178,899638937,3
292,1095248681,3
693,1066891061,3
819,628761668,3
705,389988763,3
2364,1033691657,2
822,749517298,3
1221,450806114,3
576,446274146,3
558,847167121,3
1449,967660196,3
702,1094770755,3
1139,296193174,3
2053,1204162873,3
922,1189577828,3
906,959080401,3
1763,217670802,3
2125,920272889,3
1519,1176374787,3
1579,1180146243,3
168,907519372,0
731,277527220,3
1335,747551895,3
27,331104769,1
2055,858118052,3
1288,846275858,3
998,454598470,3
2245,1132808434,3
1837,314383006,3
1602,635792996,3
42,966950408,2
1059,766781991,3
1839,1141344782,3
1166,1146888201,3
1068,972256210,3
610,532257916,3
2020,440133186,3
1866,823753595,3
2143,580170754,3
1808,876098486,3
494,252988494,3
237,923269747,3
552,777755253,3
521,863720151,3
1402,424007840,3
721,277254951,3
1621,301800378,3
2119,1071396571,3
59,876789488,2
632,1027445808,3
1386,1155853285,3
593,741092229,3
1990,962203643,3
940,989305623,3
905,208602029,3
1656,584402496,3
2227,499232727,3
1304,207370900,3
1205,208523205,3
1919,280814108,3
707,5025536,3
1023,385410214,3
746,99774355,3
1551,860901481,3
1209,1202604300,3
514,840366560,3
82,284504445,1
2115,770645510,3
915,1107666652,3
2135,253442765,3
151,1028027711,0
775,183068006,3
330,289437084,3
7,1121741984,1
944,96704161,3
1350,859047825,3
1761,266783579,3
910,669744226,3
469,707501464,3
182,1217128652,0
165,459791316,0
452,893764247,3
491,363413732,3
2116,855315125,3
1791,876795652,3
1259,744113346,3
1448,462629255,3
1284,1234080701,3
1464,1212162643,3
1518,980971687,3
328,1128682595,3
443,681902390,3
1348,224078802,3
1172,530658986,3
833,73993940,3
1613,552964856,3
1113,582002559,3
87,243789405,2
2264,310601570,3
778,493833765,3
2296,151413858,2
55,212531966,2
1592,783747144,3
1423,174838085,3
1331,1223639708,3
114,122404006,2
988,773026940,3
1600,695260559,3
1634,591049147,3
1010,932639370,3
590,272730092,3
2231,124313005,3
18,688241041,1
1771,119111279,3
286,909295164,3
429,519239830,3
1152,582994959,3
670,848068003,3
32,1139378624,1
723,1005387686,3
952,300866435,3
1492,455727238,3
215,337502360,3
1515,1126948899,3
327,86549789,3
561,43121584,3
1087,345337235,3
1552,225655129,3
342,317725479,3
148,943655309,0
1561,1233771029,3
1108,1102913507,3
1825,417024900,3
967,94198675,3
1073,201426723,3
156,795779742,0
1403,412259756,3
1356,75056894,3
1973,1134988699,3
1565,757360944,3
2025,502449113,3
1568,4731015,3
2233,96684219,3
1376,1164908871,3
2176,1002383444,3
1514,700450176,3
2036,911431212,3
2081,389103744,3
939,902490086,3
2083,1005189649,3
347,1045219594,3
1818,1044407914,3
2321,412086145,2
386,307776813,3
1337,365922999,3
1379,1224360866,3
244,342760793,3
1265,614998892,3
937,879001764,3
1935,945761891,3
313,701756227,3
2263,315607928,3
1289,1222959861,3
969,1017492578,3
661,1047142565,3
2027,91190477,3
371,838865206,3
567,957798659,3
1667,940923669,3
825,112231894,3
983,779853295,3
1246,1107265345,3
814,1154851386,3
779,351807698,3
1053,836262811,3
1630,214496849,3
1014,800149315,3
1445,864229628,3
1792,634673813,3
1544,1132585533,3
127,120469233,1
888,651350596,3
1732,817183311,3
1008,673580467,3
356,1221225611,3
1966,1083520474,3
683,1189382204,3
2012,674356505,3
1846,265157141,3
985,969196762,3
1892,1204996213,3
141,35566715,0
1887,672082440,3
1751,511889456,3
1394,365274435,3
2060,279413112,3
1437,676267292,3
1746,79532710,3
1877,850637667,3
712,1011668876,3
1158,224125503,3
1675,775763353,3
872,280798900,3
11,731050139,2
1911,376483949,3
1616,371694270,3
755,158248251,3
627,142931897,3
1857,74906695,3
130,127466506,1
844,758105004,3
324,306578626,3
1430,1037276358,3
1226,612973161,3
2248,566980571,3
15,663498072,3
1749,292800787,3
216,790901023,3
1938,898832183,3
1648,890470807,3
1183,171400255,3
1392,972603126,3
1322,980472682,3
865,784543149,3
517,398431409,3
598,332785190,3
196,575004686,3
289,1113909111,3
951,1127446955,3
1547,1120577622,3
1804,830536275,3
1121,1228655698,3
550,1202136378,3
157,1104165650,0
420,530342741,3
923,836910852,3
478,142676695,3
1390,472401174,3
554,540725588,3
1203,36205817,3
391,310206872,3
579,426526636,3
2146,448795585,3
1668,550611596,3
2104,570077886,3
821,377494505,3
2220,1184343220,3
1007,1161569194,3
1249,423047566,3
1995,588613815,3
665,842321361,3
2127,840403226,3
143,136649949,0
1986,1170654823,3
1548,337018970,3
422,997431433,3
800,944659388,3
616,218369705,3
296,605679896,3
402,52854757,3
89,506589439,1
1738,187043215,3
2282,705310922,2
132,846278181,1
2111,575759785,3
1406,245749480,3
1879,642702743,3
1964,57403793,3
2095,83635094,3
725,187884675,3
1495,688774607,3
270,955997658,3
1507,1179998601,3
1779,1231570966,3
918,708132120,3
1926,965774343,3
1725,888085653,3
1862,1030698450,3
376,790459290,3
334,959410697,3
1941,1189475449,3
2179,421635817,3
1119,1003598251,3
911,720945377,3
777,379616714,3
1473,1065763127,3
329,1128281818,3
2005,434535004,3
1714,816255640,3
13,706925528,2
898,1099944224,3
172,85743647,0
261,24295028,3
1940,894201174,3
2009,526601849,3
902,332704751,3
259,100724777,3
845,37575303,3
139,323473633,0
320,974430232,3
2001,1031716664,3
1609,705523585,3
1538,828831767,3
559,466789539,3
140,231491791,0
113,803199349,1
532,384974106,3
225,334660907,3
724,778618681,3
2152,1173942093,3
1921,1078610965,3
326,489081781,3
1324,576223938,3
2107,301743547,3
1420,552644395,3
715,470602015,3
847,963973468,3
194,219381665,3
574,1028369045,3
947,190741069,3
504,1211146226,3
1661,810542551,3
1522,710214387,3
646,569311652,3
4,8569461,1
1504,330427658,3
468,1010536331,3
6,348589037,1
2154,165643720,3
1799,209168944,3
548,1188349896,3
229,1112373491,3
1064,969398973,3
543,1151359164,3
243,25283915,3
899,19355525,3
2419,538462809,2
1161,1201794855,3
1554,679680967,3
2206,1000685535,3
843,609705973,3
1873,559056077,3
1512,1191254660,3
277,185127097,3
662,737371003,3
1881,644866360,3
1577,92653468,3
315,897522411,3
1344,147712098,3
1566,810431967,3
692,667545069,3
1971,835606294,3
425,1042529943,3
595,1059375498,3
2325,221711104,2
623,895803396,3
1757,1156804547,3
1371,773782695,3
228,312112730,3
1638,349263176,3
1170,901159650,3
1740,993948671,3
1832,534105828,3
67,898701399,2
25,1131068778,3
1236,145901282,3
145,672217675,0
537,1094896678,3
812,6752179,3
1467,57508129,3
86,743836372,1
1255,885727648,3
1778,774523048,3
1741,34521917,3
1545,846410281,3
1407,1018494927,3
485,575224830,3
2066,543890956,3
2286,126395312,2
2235,594044076,3
1936,83592198,3
2284,1002985609,2
363,224947159,3
750,968037697,3
1509,146477661,3
1027,793828820,3
1031,131069474,3
2270,1169005838,3
1336,614988490,3
1772,105797169,3
2189,860165968,3
666,1164000197,3
365,791765142,3
1240,707959011,3
78,353945399,2
28,517620557,2
1886,264061220,3
526,725175640,3
726,909985325,3
56,1001628836,1
639,771597803,3
303,134796652,3
719,636191915,3
2047,379104416,3
625,957814072,3
8,805505073,2
1281,728409098,3
804,337007395,3
1050,835862955,3
337,493724517,3
48,208114644,2
1942,982046039,3
107,412285498,2
350,877634853,3
1080,1201326906,3
239,516212728,3
214,927879748,3
1145,1031707379,3
2281,191207011,2
1489,1116063280,3
794,919052577,3
1097,552782271,3
1540,11595512,3
1534,467117200,3
2247,1057654777,3
346,606811381,3
524,371360255,3
233,936352630,3
645,1106523479,3
1976,223066538,3
1429,700384826,3
534,654589853,3
1977,427194656,3
604,1203938154,3
1576,314113513,3
1427,978903262,3
1075,259595235,3
1709,731340295,3
61,1176966297,2
1812,775549241,3
93,1115273959,1
667,286552333,3
1455,367563279,3
2085,1017361081,3
281,896254795,3
1903,100425290,3
360,1228052139,3
1478,1152771187,3
1398,1117215786,3
2234,617917621,3
848,126993263,3
1207,1021790428,3
2128,304651929,3
111,466879194,2
43,799465389,2
126,505961044,1
205,1133220134,3
53,989032874,2
546,169464023,3
69,799080938,3
1487,201608143,3
2029,228182297,3
1622,908598168,3
1425,15815442,3
184,633807404,0
138,323473633,0
900,105575276,3
797,804873884,3
133,777679828,1
81,284504445,1
1947,1120218339,3
2019,1155046364,3
542,1100869661,3
1020,786873960,3
1494,172705492,3
984,356856567,3
166,459791316,0
249,64662931,3
1332,579589393,3
447,664739146,3
1503,407546436,3
859,19850270,3
1359,60048059,3
1652,440892289,3
98,1114628681,1
1701,353592717,3
806,887502847,3
738,556817970,3
1642,114126067,3
1704,866637224,3
103,786961077,1
435,746663171,3
75,999574110,2
578,728197693,3
1567,618751808,3
1641,831542,3
1231,1063409252,3
919,232058581,3
1327,226030893,3
2148,585699602,3
2122,944558367,3
2084,501284869,3
763,52403002,3
990,869389017,3
389,362523435,3
236,341104627,3
1974,818239866,3
268,387113835,3
1330,233666490,3
1633,878303695,3
118,643995819,1
438,47765794,3
674,984569272,3
250,283120087,3
1905,968596017,3
2476,853514282,2
95,1022501713,2
1611,46204191,3
34,1169874443,2
1918,484518599,3
2120,491251458,3
449,590470593,3
1470,200142270,3
717,319554661,3
1651,213392980,3
1989,637079923,3
1,366200269,1
2004,530649537,3
1102,978827451,3
1109,1117127933,3
2200,370409549,3
83,902332511,1
1482,320426589,3
1867,648328511,3
677,286859787,3
1902,984763588,3
1047,871701350,3
1461,408031260,3
771,379903178,3
1584,955929116,3
1702,1215168900,3
518,219277588,3
1954,784184850,3
405,729065770,3
385,1018069886,3
2155,757657917,3
2228,268673627,3
105,556570117,1
2213,499835405,3
689,1215821485,3
1710,1160649661,3
827,1092343558,3
1241,1156237838,3
63,1176966297,2
1306,635268688,3
853,483094212,3
1770,451175570,3
1263,1065599506,3
224,133252686,3
146,325362643,0
1089,173528591,3
374,1064971831,3
1863,830077550,3
1143,21702078,3
2221,925128027,3
2131,640450849,3
1275,173608654,3
1266,720509517,3
2073,1151354220,3
1658,861969081,3
10,1176966297,2
450,799939865,3
709,1219036670,3
256,142691942,3
883,184290262,3
390,642806047,3
1784,388516157,3
2224,752577853,3
1582,618578351,3
909,314423897,3
925,958908459,3
752,471073634,3
2093,60973352,3
461,85055244,3
1657,547258534,3
1225,252194412,3
1169,593995034,3
959,557422970,3
502,460199986,3
740,775470364,3
41,1224096101,2
869,396924982,3
732,135754431,3
540,931883693,3
1202,1092710484,3
1340,413501650,3
698,909677876,3
1993,881547330,3
1802,609918352,3
1372,393355112,3
1146,14658789,3
1032,747756688,3
373,31354588,3
668,87460021,3
1432,639259734,3
2000,885091483,3
358,145179159,3
968,1094467953,3
784,111749012,3
736,248264924,3
1354,550882120,3
1036,350902767,3
971,840667182,3
1998,118913554,3
1951,616014124,3
2184,558388192,3
2162,516270011,3
1397,65152371,3
1537,178869075,3
1988,207483814,3
1997,873516810,3
1550,207988913,3
1329,864491451,3
1766,196910950,3
2139,901442380,3
1426,531740531,3
1465,1218459383,3
1556,112911993,3
1251,914057908,3
1253,705054375,3
2252,95898023,3
2151,532398636,3
1237,433924864,3
886,38313730,3
80,959453158,1
1173,173425626,3
815,794570139,3
1678,134513294,3
672,722657309,3
2052,1144185194,3
1836,896876904,3
58,1189216366,2
134,516820430,0
1141,11578219,3
934,836581602,3
929,920614612,3
824,922231918,3
1433,825085781,3
1785,741587520,3
1532,667857989,3
1215,726792281,3
505,1180550222,3
2306,970163383,2
348,189295442,3
387,844589179,3
1025,1097385336,3
1385,940901518,3
895,839138446,3
829,289406577,3
2259,276842037,3
476,934595872,3
1928,1156613538,3
1922,29767348,3
1898,347202775,3
1828,775179675,3
653,133746071,3
173,148194467,0
1475,648864066,3
1150,649788003,3
39,678912959,2
1555,1189943064,3
714,320133386,3
91,591974733,1
167,907519372,0
1206,61794653,3
876,261482098,3
1767,436147605,3
2126,1122046060,3
2258,407350190,3
1094,147928195,3
1156,967715091,3
1325,624471209,3
1781,120332211,3
1351,1066984012,3
511,372210897,3
1681,349562477,3
500,1011014592,3
1893,625761900,3
1389,564252425,3
1520,846319954,3
1672,822989068,3
339,82117723,3
2105,126131663,3
1189,902529344,3
29,517620557,2
1541,565780947,3
1218,885747844,3
1733,224662236,3
795,460609992,3
946,930469767,3
2145,633789515,3
170,1166244652,0
1838,161207280,3
1677,465287457,3
1198,885686552,3
1543,406101516,3
1254,108551665,3
1830,115726514,3
913,636371407,3
492,1021133736,3
954,390780098,3
1098,407904122,3
1033,209639730,3
588,1163686299,3
751,24139944,3
658,57286554,3
235,1222373856,3
733,1116658045,3
2429,523987485,2
1187,1149932031,3
1157,195986951,3
1927,1157801936,3
1869,669720279,3
2092,738818162,3
935,120016698,3
1210,1151486512,3
1066,625243944,3
1717,147068138,3
109,122404006,2
2022,17607662,3
569,932526009,3
1168,213159696,3
1175,103538899,3
1589,1152308541,3
1508,1088886065,3
1493,385324331,3
891,1132229515,3
948,120078378,3
1049,809284296,3
1768,896496122,3
2141,346671211,3
1897,545113005,3
885,514427770,3
144,225865950,0
2276,469686965,3
2011,1203097851,3
851,1163008218,3
1588,1080671378,3
1408,76278720,3
735,247673982,3
718,282610525,3
455,734208554,3
265,1190925362,3
76,342952876,2
1257,209522538,3
445,901185712,3
396,865589621,3
2214,23965087,3
177,444717725,0
1043,225394176,3
2166,578046916,3
1834,2556112,3
1980,1113943591,3
1806,1170430006,3
596,1107494464,3
62,1189216366,2
1297,1093842360,3
873,618517231,3
1955,219561925,3
217,36393553,3
279,332305361,3
1549,984900329,3
1719,407907886,3
1393,194970450,3
37,249978608,2
2160,887377568,3
1985,1225696355,3
663,27666724,3
1850,97983732,3
2209,259184634,3
1895,189837841,3
978,893839911,3
1572,200751039,3
1123,1044226112,3
1713,51981125,3
739,379192079,3
192,812482882,0
920,304006362,3
457,1223495456,3
1418,1133148535,3
676,210383067,3
761,353843619,3
2210,179112321,3
2091,863905356,3
729,689807604,3
2106,733095565,3
1400,713032745,3
413,653184071,3
1099,1039513119,3
1517,1230336904,3
1650,1148210108,3
1525,687324572,3
826,1092084658,3
1962,1171029049,3
617,179130087,3
115,549310412,1
418,808713634,3
2269,328684818,3
1626,657376232,3
970,1177621078,3
605,271842174,3
2274,1043932732,3
90,20119804,1
849,512431876,3
1992,344662885,3
2273,1002915143,3
754,19612741,3
499,1136960370,3
1277,931799739,3
1326,1017991419,3
1631,633773899,3
12,1201305728,2
397,999778362,3
285,632694374,3
2265,198576137,3
1067,163836302,3
1192,98881159,3
1441,729451269,3
1601,705753384,3
2168,1171150423,3
2167,235846361,3
1451,1094485325,3
691,909463926,3
2096,861640494,3
1569,951648892,3
2250,308587947,3
2238,45418644,3
690,889468478,3
1688,1087381924,3
852,997864454,3
1499,453058078,3
160,516297044,0
896,389178900,3
497,754729197,3
258,989495682,3
1783,234672002,3
336,658994725,3
2253,177473368,3
1040,425173736,3
516,31059501,3
1349,243173903,3
1016,652250551,3
769,1030374833,3
2174,1138059871,3
442,1212253508,3
1945,404262350,3
762,574767005,3
1247,6661687,3
1204,742120449,3
2208,451366452,3
1124,704862560,3
1861,695838888,3
1782,602582151,3
522,659288071,3
1786,26019577,3
23,253310567,2
357,1179072556,3
2207,759937211,3
1278,1096448547,3
1313,634924543,3
1636,165987445,3
551,86580773,3
341,524853474,3
432,867564755,3
474,967318809,3
218,359609594,3
912,1134127066,3
1228,170330044,3
2070,1137017099,3
1012,378554813,3
958,836459599,3
1774,103873188,3
94,959830672,1
1009,952315954,3
1071,1151638109,3
1093,798350000,3
2064,981755116,3
1309,452175371,3
697,1085932784,3
1110,1133928655,3
997,37110881,3
1459,780416659,3
1680,700982378,3
154,929790487,0
1100,353970327,3
247,740244329,3
2488,639523185,2
790,224800557,3
581,732893666,3
1471,1003786822,3
704,1123914320,3
1213,109252429,3
1296,794019868,3
897,1037965169,3
1909,589353712,3
1261,802540167,3
488,674442998,3
1625,1215633093,3
560,905790224,3
1142,407207628,3
2159,194632375,3
1120,885962709,3
802,462279813,3
1775,881936138,3
513,266150579,3
634,1054297235,3
1939,29673727,3
1665,153076721,3
1013,1215158860,3
2317,500970908,2
1151,103568085,3
791,306996078,3
2171,1151352690,3
117,191956142,1
1498,560956242,3
741,813432062,3
2138,768650402,3
1082,809694360,3
1628,1206489139,3
1811,980065366,3
831,271766050,3
120,455558271,1
657,925250378,3
2114,215007081,3
2078,155483666,3
2268,744968200,3
636,621376826,3
370,343600466,3
269,982196289,3
656,553149000,3
2133,288524275,3
936,615010244,3
823,908579930,3
867,15146892,3
47,1129160300,2
1374,568611682,3
884,884908859,3
992,62390575,3
877,366545916,3
774,1085928169,3
1220,420128370,3
1127,63582672,3
5,397916655,1
2197,967759172,3
1004,497196864,3
1596,1087212956,3
2157,795933195,3
264,210167448,3
2056,851239668,3
613,77287261,3
444,390647688,3
1003,73384809,3
1078,608621770,3
2309,760232610,2
838,332412177,3
682,873440262,3
1716,478886296,3
305,1203402911,3
1366,214295629,3
2045,615463212,3
314,995461959,3
150,104687734,0
1149,706533368,3
1214,92124617,3
575,590790420,3
1722,620500307,3
1689,582674865,3
51,627880823,2
2037,526207281,3
1983,1160651495,3
727,167537706,3
1824,179736494,3
834,221080726,3
1378,352154686,3
1116,315057141,3
1167,38245912,3
471,690111956,3
1907,311372702,3
972,524732550,3
654,350426564,3
400,124290587,3
512,1178264308,3
2076,472070237,3
321,128586221,3
20,898701399,2
685,1098183164,3
36,829845602,2
1849,440481144,3
903,58165557,3
2192,333831953,3
828,644809796,3
525,334658801,3
408,277248694,3
921,55745086,3
1842,563620881,3
1891,679653679,3
538,640968401,3
759,196838592,3
1706,746849161,3
2267,629970841,3
1063,998671920,3
1200,1210547732,3
246,221832261,3
1835,831147391,3
1417,38729301,3
1953,638607427,3
1128,364402560,3
785,991811367,3
2010,1084656325,3
1410,876474681,3
490,156633095,3
155,483678988,0
1663,442246932,3
962,500860246,3
1687,426380994,3
854,785979544,3
1967,418007401,3
1312,896252612,3
626,32025878,3
1816,1147114228,3
686,739391471,3
2225,589095801,3
1347,483084153,3
570,359148977,3
566,577816325,3
1759,676479940,3
2026,613339293,3
1817,446839231,3
128,191968433,1
2334,1185729581,2
2007,857785290,3
981,954111754,3
191,794950996,0
1140,1187619116,3
993,195815638,3
700,39148641,3
607,967178786,3
181,798162,0
302,586195456,3
1061,627653926,3
2185,272392537,3
1070,348194382,3
1244,75481607,3
17,631418868,2
2341,235091898,2
547,590380082,3
659,982108430,3
2090,1084529852,3
2117,260906368,3
1505,1074043626,3
960,376845234,3
798,464489452,3
226,547440553,3
2075,257560956,3
1800,640634768,3
2304,1197260202,2
1694,426653927,3
1046,144254505,3
470,83240477,3
955,587710733,3
2333,477076356,2
640,1150345085,3
2149,985152374,3
1219,463935137,3
1159,1036107901,3
1416,274537741,3
2099,1020651292,3
1528,608027695,3
2260,789187327,3
1301,749944233,3
2219,338094005,3
1604,1176027146,3
161,115383990,0
1705,771224914,3
957,886096723,3
2256,891890114,3
878,176043597,3
1920,218481195,3
1885,397187208,3
99,812917663,1
2190,199732240,3
254,1032764109,3
104,828439901,1
1446,477609768,3
1444,661983109,3
1649,117159066,3
587,8485337,3
628,748545376,3
1697,465075555,3
2102,520284012,3
404,85625020,3
1155,671030964,3
1683,434409374,3
2057,476282460,3
2203,920321812,3
453,635226615,3
1328,49593012,3
2050,241484762,3
881,344816768,3
2257,1080539525,3
624,643346326,3
1788,743094233,3
263,1103426680,3
1635,538886366,3
1439,163710962,3
1970,695553735,3
1803,597303107,3
641,259531184,3
2193,370733758,3
1960,572538608,3
489,498495445,3
1844,683960584,3
1735,829506502,3
147,929663379,0
1535,377161734,3
1987,837743488,3
1370,198997911,3
2271,1174164290,3
660,485439409,3
1795,1111263046,3
187,515804857,0
1148,262483415,3
609,979796624,3
1931,741197378,3
198,699365643,3
294,137887832,3
767,155108186,3
401,307832564,3
123,621160066,1
203,1031153973,3
836,1000291316,3
1440,922669892,3
1734,773620016,3
1696,20822760,3
1708,321583165,3
2272,477280607,3
1154,316092570,3
1662,180104841,3
1760,983569656,3
855,1128714156,3
1590,859307071,3
642,232878265,3
2,564421968,1
2161,297748134,3
699,131200222,3
1637,219488280,3
1292,1126050497,3
2211,975607122,3
1521,172819580,3
1854,210467886,3
1137,793519841,3
2242,223377099,3
1632,922021901,3
1999,382534246,3
664,706785836,3
684,625732720,3
1258,297840921,3
318,654517147,3
649,1074939474,3
1435,1158231606,3
1480,1057417896,3
710,170689014,3
1283,37548048,3
1769,91850727,3
973,749144387,3
1307,563543209,3
1401,288764239,3
1409,1092634720,3
1497,328074928,3
2039,630988110,3
1530,78281172,3
1664,927368862,3
1355,95541952,3
2262,143364110,3
2278,113976139,3
1644,226141851,3
1052,694935190,3
796,898306591,3
1598,901589297,3
1820,1157977132,3
1723,927152330,3
1184,763126220,3
1060,1077965676,3
541,1158820955,3
1679,40212297,3
1758,593074878,3
1924,354934080,3
96,1115273959,1
1021,391577769,3
564,1190939067,3
864,1095255395,3
1485,779872233,3
1882,460104494,3
1039,339230089,3
207,102673201,3
393,541611389,3
871,1068496561,3
398,487368452,3
2229,159915398,3
1029,268812627,3
1486,177845150,3
961,769345668,3
1571,296846936,3
1896,69059803,3
2147,149089962,3
805,150872418,3
1752,65636925,3
503,244689476,3
780,94628547,3
1864,763577842,3
201,755521214,3
2183,1195500750,3
2089,514259305,3
1797,182951228,3
379,280380005,3
419,1201058246,3
1699,831141326,3
392,1030735457,3
1523,754806435,3
1163,922667663,3
1496,189224647,3
2028,870151652,3
1153,135026013,3
1368,788253802,3
65,805505073,2
2063,787246286,3
1181,875001560,3
493,333853715,3
380,603865048,3
2236,847966170,3
764,494655806,3
792,225803089,3
1077,195013822,3
879,98897555,3
338,69864218,3
1017,267064445,3
1276,1183470458,3
456,269763255,3
816,515862193,3
996,661278803,3
1982,389991809,3
202,348703566,3
162,115383990,0
1580,1110671702,3
703,113560248,3
1501,300801599,3
1130,687207095,3
1022,122220175,3
1586,671369696,3
1956,773537902,3
2254,1139812428,3
35,88133022,1
776,565431296,3
1479,957335499,3
1391,963091337,3
2140,803399659,3
1364,672691887,3
2042,902108488,3
242,439588592,3
2062,1220212463,3
601,11955191,3
1298,923259323,3
2215,185443642,3
2069,312013435,3
647,890691479,3
1529,486942015,3
1268,251810305,3
1900,363501805,3
563,926777235,3
190,794950996,0
1807,519478266,3
976,464496132,3
2048,71633561,3
1083,485163252,3
475,996937902,3
748,672327129,3
22,908247590,2
460,198740367,3
1185,1233722231,3
956,950964030,3
1216,992237603,3
1516,198645614,3
770,140245352,3
1686,693719679,3
131,284392751,1
2136,93483092,3
1483,470090013,3
331,915691115,3
1239,663195445,3
467,996030320,3
2170,868801760,3
1639,747194624,3
1096,769985674,3
1131,1052219378,3
1295,770023067,3
861,448809767,3
