entid,MEMNNUM,FARNUM,ANNNEWMEM,ANNREDMEM,ANCHEYEAR
284392751,7,6,9,4,2016
284392751,11,7,8,3,2015
284392751,9,5,8,3,2014
5601451,12,14,3,2,2014
5601451,12,6,0,5,2015
5601451,6,8,9,8,2016
5601451,9,14,7,6,2017
71431647,52,53,6,9,2014
71431647,56,50,5,9,2015
71431647,52,58,9,9,2016
71431647,53,48,7,3,2017
544187338,216,214,4,3,2016
544187338,217,,,,2015
544187338,8,,,,2014
1233927067,23,21,12,1,2016
1233927067,14,17,2,3,2017
1233927067,9,11,9,7,2014
1233927067,9,13,9,9,2015
548937643,45,,,,2015
548937643,41,44,5,3,2016
548937643,46,48,1,7,2017
548937643,96,,,,2014
829088501,13,6,2,6,2014
829088501,15,5,3,1,2016
829088501,7,6,9,6,2015
886578112,16,11,6,4,2017
886578112,2,5,7,4,2015
886578112,14,16,8,5,2014
613984005,158,158,5,7,2016
613984005,152,,,,2014
613984005,154,,,,2015
613984005,155,159,3,8,2017
952051430,54,58,5,1,2014
952051430,52,51,3,4,2015
952051430,10,12,6,3,2016
952051430,14,13,9,7,2017
1188494948,164,,,,2015
1188494948,161,156,3,2,2017
1188494948,168,156,4,9,2016
507898543,20,12,3,2,2014
507898543,13,14,8,7,2015
507898543,18,14,1,6,2016
507898543,19,11,8,2,2017
938506540,10,11,6,1,2014
938506540,14,16,6,2,2017
938506540,58,52,2,3,2016
938506540,7,10,2,9,2015
642361245,63,63,0,1,2016
642361245,56,49,2,6,2015
642361245,121,116,6,0,2017
642361245,17,15,1,3,2013
642361245,16,19,0,2,2014
797568314,64,55,6,0,2014
797568314,59,58,1,6,2015
797568314,10,10,3,3,2016
797568314,57,63,9,7,2017
1165193070,73,70,9,4,2015
1165193070,71,68,0,3,2016
1165193070,66,17,9,5,2014
1165193070,73,64,5,6,2017
594180620,60,59,3,3,2015
594180620,74,70,7,1,2017
594180620,57,62,0,1,2016
594180620,10,14,0,5,2014
347062300,106,111,1,9,2016
347062300,102,111,99,3,2014
347062300,106,103,8,0,2017
347062300,104,106,2,7,2015
913722129,123,128,5,2,2016
913722129,122,126,1,8,2017
913722129,129,121,9,9,2015
413007265,6,9,9,0,2014
413007265,13,12,0,6,2017
413007265,13,10,6,4,2015
413007265,15,12,2,1,2016
1067872962,37,33,2,0,2015
1067872962,32,33,6,5,2017
1067872962,36,36,2,5,2016
1067872962,37,34,6,1,2014
913722129,6,0,0,5,2014
68108625,158,156,154,4,2017
68108625,11,13,7,5,2014
68108625,8,7,2,0,2015
68108625,13,12,7,7,2016
487722467,31,32,3,2,2014
487722467,31,27,7,6,2017
487722467,33,32,2,4,2016
487722467,27,33,0,9,2015
1165153101,125,126,3,3,2017
1165153101,120,123,4,1,2016
1165153101,21,16,6,1,2015
1165153101,127,123,4,5,2014
1095500084,14,10,7,0,2017
1095500084,12,6,7,0,2016
1068302886,10,10,10,4,2016
1068302886,14,15,3,8,2017
1202680244,8,4,5,6,2017
1202680244,505,486,4,8,2014
1202680244,14,5,8,3,2015
1202680244,9,1,4,8,2016
434994893,12,15,8,1,2014
434994893,11,15,10,4,2015
434994893,10,14,9,0,2017
434994893,9,9,7,0,2016
485437330,14,5,2,8,2013
485437330,7,9,0,8,2015
485437330,9,12,8,4,2014
485437330,16,15,0,8,2016
485437330,21,14,1,0,2017
926197727,16,16,6,7,2016
926197727,8,8,3,9,2017
926197727,7,7,2,7,2015
556601957,7,11,4,9,2014
517014330,17,21,2,1,2014
517014330,16,16,8,3,2015
517014330,17,17,7,8,2017
739711013,5,5,9,7,2017
739711013,11,7,9,7,2015
739711013,9,11,8,3,2014
739711013,13,10,3,9,2016
191927158,10,6,0,9,2014
191927158,8,7,8,2,2016
191927158,5,10,0,7,2015
312648418,13,11,2,1,2014
312648418,7,14,9,9,2017
312648418,5,6,8,9,2015
312648418,8,13,0,3,2016
230952448,82,87,7,6,2017
230952448,86,83,3,6,2014
230952448,90,82,4,9,2015
230952448,88,84,9,3,2016
434519880,18,17,0,5,2017
434519880,56,51,4,3,2014
434519880,16,18,9,2,2016
926197727,14,12,4,5,2014
517014330,19,17,1,6,2016
434519880,15,23,3,2,2015
1083444112,80,86,2,8,2014
1083444112,6,3,4,8,2017
1083444112,84,80,1,2,2015
1083444112,12,18,4,4,2016
768242114,20,29,2,5,2016
768242114,21,24,9,17,2015
768242114,24,28,9,4,2017
768242114,32,36,10,5,2014
272098311,16,20,7,8,2014
272098311,17,16,2,8,2016
272098311,15,16,5,9,2015
272098311,19,12,3,3,2017
1165393049,51,50,5,3,2015
1165393049,47,44,8,9,2017
1165393049,46,50,7,6,2016
607213067,3,0,1,6,2016
607213067,5,8,4,3,2015
607213067,12,13,9,0,2014
607213067,5,14,0,7,2017
459280027,110,107,6,9,2016
459280027,113,113,9,0,2017
128764700,18,18,9,5,2014
128764700,18,10,4,0,2017
128764700,18,13,1,4,2016
128764700,15,14,4,0,2015
1009958584,15,6,0,3,2017
1009958584,8,11,2,1,2016
1009958584,7,12,4,9,2015
1009958584,10,8,1,8,2014
663914117,5,9,3,6,2016
663914117,10,13,6,8,2017
663914117,13,5,3,0,2014
663914117,7,12,5,7,2015
1180822187,7,7,8,6,2015
1180822187,6,9,4,9,2017
1180822187,12,6,3,7,2014
1180822187,11,11,2,7,2013
1180822187,13,7,8,6,2016
685512108,15,,3,6,2014
685512108,19,,5,4,2013
685512108,14,22,7,5,2017
685512108,19,21,4,7,2016
146274880,21,23,0,7,2017
146274880,21,25,2,5,2016
146274880,16,16,5,2,2014
146274880,15,16,4,1,2015
1064108542,46,53,6,9,2015
1064108542,52,52,9,4,2017
1064108542,57,56,2,0,2014
1064108542,54,58,3,1,2016
903967870,41,40,4,0,2017
903967870,12,13,2,1,2014
903967870,22,16,7,6,2015
903967870,30,26,9,6,2016
1035196264,129,127,8,7,2017
1035196264,110,,0,8,2014
1035196264,127,,2,4,2015
1035196264,127,,3,4,2016
732596560,9,8,7,4,2017
732596560,8,9,5,8,2016
594537663,7,14,5,9,2015
594537663,12,7,0,9,2017
594537663,9,14,9,8,2016
594537663,9,9,0,8,2014
253608485,21,25,9,2,2014
253608485,12,10,9,8,2015
253608485,10,10,0,0,2017
253608485,25,25,6,8,2016
607739092,17,21,8,8,2014
607739092,80,74,23,6,2015
607739092,15,22,5,5,2017
607739092,72,79,5,16,2016
784943581,10,11,1,5,2015
784943581,7,8,3,5,2016
784943581,10,10,2,3,2014
784943581,13,13,1,2,2017
1201698672,18,17,2,0,2017
1201698672,11,15,9,2,2016
1201698672,9,15,9,4,2015
1201698672,18,9,5,1,2014
453789571,105,106,5,8,2017
453789571,9,,,,2014
453789571,16,,,,2015
453789571,13,,,,2013
453789571,13,10,7,5,2016
106353963,7,13,5,5,2016
106353963,6,10,4,4,2017
106353963,9,14,0,1,2015
106353963,7,8,5,6,2014
560452849,104,,,,2015
560452849,13,6,5,2,2016
560452849,23,,,,2014
741642233,12,9,0,9,2014
741642233,6,8,0,3,2016
741642233,7,10,0,1,2015
804594663,36,36,34,7,2015
804594663,11,7,0,6,2014
741642233,6,8,5,3,2017
804594663,34,31,0,6,2016
804594663,22,26,7,18,2017
787339551,111,109,0,9,2017
787339551,111,109,6,9,2016
1078969713,14,14,5,6,2015
1078969713,13,7,1,9,2014
1078969713,11,12,6,1,2017
1078969713,7,12,6,9,2016
1111359214,11,13,7,0,2015
1111359214,8,7,6,1,2016
1111359214,6,14,3,8,2017
1111359214,7,12,4,6,2013
1111359214,12,9,2,5,2014
545892203,6,5,9,3,2014
545892203,9,7,4,1,2017
545892203,13,18,11,1,2016
545892203,9,10,9,5,2015
1118644049,32,32,6,9,2017
1118644049,15,12,5,6,2014
1118644049,31,29,6,9,2015
1118644049,28,26,9,2,2016
34252066,11,11,0,0,2017
34252066,6,11,8,0,2014
34252066,12,9,9,7,2016
34252066,16,12,4,6,2015
669166247,11,6,1,7,2016
669166247,77,9,7,3,2015
669166247,12,13,3,7,2017
669166247,15,15,5,7,2014
684642668,8,11,7,6,2016
684642668,7,6,1,4,2017
684642668,12,10,2,5,2015
684642668,10,12,9,4,2014
1147713303,10,10,4,6,2017
1147713303,8,13,6,5,2015
1147713303,12,7,8,6,2016
1147713303,13,15,8,4,2014
442915782,27,26,7,6,2015
442915782,22,22,8,7,2014
442915782,13,9,4,8,2016
573315585,7,15,8,122,2014
573315585,16,15,0,7,2016
573315585,14,12,8,0,2015
573315585,14,7,8,0,2017
583191066,8,,,,2015
583191066,5,,,,2014
583191066,17,10,4,6,2017
741823940,12,10,6,9,2015
741823940,7,9,7,4,2016
741823940,8,14,2,8,2014
398236005,14,8,9,4,2017
398236005,6,14,2,3,2014
398236005,13,15,6,6,2016
398236005,13,12,6,8,2015
583191066,2,10,8,3,2016
242948713,10,8,6,5,2016
242948713,5,7,9,2,2017
242948713,8,14,8,1,2014
242948713,9,14,4,2,2015
685038687,7,5,3,0,2015
685038687,11,6,0,1,2017
685038687,11,13,2,5,2016
1038008011,10,12,8,4,2016
493238194,7,13,6,2,2015
493238194,8,6,8,5,2017
493238194,9,15,9,2,2016
219077988,14,1,1,3,2015
219077988,12,0,3,3,2017
219077988,6,7,8,1,2014
219077988,5,10,9,9,2016
1038008011,10,13,1,7,2017
493238194,13,6,7,6,2014
160633062,5,11,0,4,2016
160633062,10,6,2,1,2014
160633062,14,8,9,7,2015
160633062,10,10,4,4,2017
659514341,12,5,3,0,2014
659514341,13,14,9,7,2016
659514341,10,12,6,4,2015
805855051,9,9,7,8,2017
805855051,18,17,4,2,2015
805855051,21,20,3,2,2014
805855051,20,19,7,7,2016
993001415,13,6,1,1,2015
993001415,10,6,0,9,2017
946255845,34,31,2,6,2017
946255845,82,79,4,4,2016
44690733,9,6,6,6,2016
44690733,9,5,0,8,2017
44690733,8,13,4,6,2014
44690733,11,11,6,9,2015
402014207,8,12,0,5,2015
402014207,15,20,9,9,2017
402014207,17,16,7,5,2016
402014207,13,13,5,4,2014
127954430,12,10,1,3,2015
127954430,7,8,7,2,2014
127954430,12,12,9,2,2016
993001415,14,12,9,6,2016
844571032,12,7,9,1,2014
844571032,10,10,1,7,2016
844571032,5,8,7,2,2017
844571032,12,10,9,9,2015
127954430,6,13,0,6,2017
54483658,14,10,6,7,2016
54483658,11,12,8,8,2014
54483658,11,13,6,4,2017
54483658,8,12,4,7,2015
88800504,8,11,6,3,2015
88800504,6,6,5,7,2014
88800504,4,1,3,9,2016
88800504,11,13,0,5,2017
746165816,15,18,8,6,2015
746165816,22,19,2,8,2017
746165816,19,10,8,5,2014
746165816,18,14,2,2,2016
816057291,8,9,0,8,2016
816057291,5,,,,2015
816057291,12,,,,2014
816057291,13,12,9,5,2017
202008159,15,14,8,0,2017
202008159,13,11,7,4,2016
848221357,5,13,8,1,2016
848221357,7,7,5,5,2015
848221357,13,12,1,2,2014
71432588,7,14,9,6,2017
71432588,5,8,3,9,2016
1112004374,13,9,5,5,2016
1112004374,16,15,6,9,2017
1112004374,10,9,5,6,2015
997409688,14,9,6,4,2017
997409688,119,110,6,4,2014
997409688,8,10,8,7,2016
997409688,14,17,7,0,2015
290938815,25,23,3,5,2016
290938815,7,7,7,7,2014
290938815,10,11,8,6,2017
290938815,11,9,5,12,2015
1023657559,7,13,9,8,2014
1023657559,10,14,6,2,2015
1023657559,11,6,8,8,2016
1023657559,9,14,5,5,2017
848605502,9,10,9,9,2016
848605502,9,7,7,2,2017
848605502,7,12,3,8,2014
848605502,14,6,0,4,2015
369673369,23,20,3,2,2015
369673369,21,20,1,5,2014
369673369,28,22,2,6,2016
618747153,6,7,5,8,2014
618747153,9,6,1,5,2016
618747153,9,12,0,4,2015
618747153,11,13,3,9,2017
1066449204,6,11,4,3,2014
1066449204,12,10,6,6,2015
1066449204,13,6,7,8,2016
1066449204,10,15,2,1,2017
1112004374,8,15,3,4,2014
1211058748,10,5,3,2,2014
1211058748,11,10,2,6,2015
1211058748,5,7,4,7,2016
1211058748,29,20,13,6,2017
1159987447,13,12,3,2,2017
1159987447,7,1,6,5,2014
1159987447,2,5,8,7,2016
1159987447,6,13,5,6,2015
840593595,8,14,2,4,2014
840593595,14,13,5,7,2015
512000085,11,5,6,9,2016
512000085,7,5,4,1,2017
512000085,10,6,6,7,2014
512000085,8,12,9,6,2015
100065848,13,,5,10,2013
100065848,16,,2,6,2014
100065848,15,,0,2,2016
100065848,4,4,2,1,2017
100065848,14,,5,6,2015
324650322,8,11,5,0,2015
324650322,11,10,4,5,2017
324650322,5,12,9,4,2014
324650322,8,14,1,6,2016
360714893,27,27,3,1,2015
360714893,36,31,9,6,2016
360714893,27,30,0,3,2014
360714893,7,9,2,2,2017
436672277,7,5,5,1,2014
436672277,7,6,5,7,2015
436672277,13,10,2,8,2016
436672277,11,15,8,5,2017
535968655,5,11,4,2,2016
535968655,9,8,8,5,2017
535968655,7,6,0,7,2015
535968655,7,7,9,9,2014
104540830,9,16,9,9,2014
104540830,15,12,5,3,2015
1159320958,1,4,9,8,2016
1159320958,2,4,1,3,2017
1159320958,251,252,19,9,2015
1159320958,251,259,10,10,2014
815448370,225,229,3,7,2014
815448370,223,224,0,7,2015
815448370,1228,1229,1,2,2017
815448370,224,226,1,5,2016
932300688,11,10,2,0,2015
932300688,14,10,4,9,2016
932300688,1,5,5,8,2014
932300688,9,11,2,9,2017
717192298,7,14,6,0,2014
717192298,8,14,3,4,2015
717192298,7,6,5,5,2016
789208443,17,15,2,2,2016
789208443,13,8,3,6,2015
789208443,15,16,8,6,2014
789208443,11,13,8,2,2017
196618454,7,12,4,4,2015
196618454,13,9,0,2,2014
196618454,6,9,6,5,2016
443137246,9,1,5,2,2014
443137246,5,8,6,2,2015
443137246,8,12,0,7,2016
443137246,11,9,3,9,2017
892212578,5,8,1,7,2017
892212578,6,7,0,8,2014
892212578,10,9,3,2,2016
892212578,14,5,4,5,2015
1099132230,8,5,5,0,2016
1099132230,11,8,4,4,2014
1099132230,11,5,5,1,2017
563217573,30,27,5,6,2017
563217573,10,8,1,2,2015
563217573,23,22,3,2,2014
563217573,13,14,5,6,2016
1099132230,6,11,7,2,2015
396566173,9,6,5,4,2014
396566173,5,8,9,6,2017
396566173,9,13,5,0,2015
396566173,13,6,1,7,2016
836448228,14,14,4,3,2015
836448228,19,14,8,8,2014
836448228,16,8,4,8,2016
836448228,14,13,7,7,2017
1206739981,6,5,2,5,2017
1206739981,8,6,4,0,2014
1206739981,10,11,2,6,2016
1206739981,10,8,2,4,2015
388960500,3,3,2,8,2014
388960500,9,4,2,3,2015
388960500,21,20,2,5,2017
388960500,5,0,3,4,2016
167588682,31,34,5,4,2014
167588682,1317,1314,1,6,2016
167588682,35,34,9,1,2015
167588682,1319,1320,8,6,2017
1081069278,55,51,5,8,2014
1081069278,35,38,1,8,2017
1081069278,12,7,5,5,2016
1081069278,15,16,9,7,2015
666715762,10,10,2,3,2015
666715762,9,9,0,9,2014
666715762,7,5,9,2,2017
666715762,261,254,3,7,2016
1188096439,13,13,9,5,2014
1188096439,12,7,8,3,2016
1188096439,11,9,2,5,2017
1188096439,11,6,8,2,2015
659948081,10,7,8,4,2014
659948081,5,9,9,8,2017
659948081,5,12,9,5,2016
659948081,9,12,5,9,2015
1033894440,19,12,4,9,2014
1033894440,17,17,9,7,2016
1033894440,13,19,6,0,2015
1033894440,7,4,3,2,2017
1029377620,26,13,8,5,2016
1029377620,23,14,2,4,2015
1029377620,12,7,8,2,2014
951895074,10,13,2,4,2016
951895074,12,9,6,9,2017
951895074,11,,,,2015
370046063,7,9,3,5,2017
370046063,6,13,6,3,2016
370046063,11,9,2,4,2014
370046063,6,5,8,2,2015
923084733,22,,5,5,2016
923084733,6,2,5,9,2017
368253085,9,9,7,4,2014
368253085,12,7,3,5,2016
368253085,9,14,1,2,2017
368253085,7,6,7,3,2015
1037858272,15,21,6,3,2017
1041727464,11,10,8,6,2014
1041727464,8,10,6,6,2015
1041727464,12,13,4,6,2017
1041727464,7,5,9,7,2016
409620237,9,12,5,6,2014
409620237,6,12,8,0,2016
409620237,9,13,2,5,2015
336931696,16,13,5,3,2014
336931696,13,15,1,3,2015
336931696,15,12,4,5,2016
336931696,16,13,3,8,2017
1127640684,13,7,3,3,2015
1127640684,5,9,3,3,2016
1127640684,10,13,4,3,2017
1127640684,8,5,8,0,2014
320495455,14,4,5,5,2016
320495455,6,6,6,7,2017
320495455,15,15,2,8,2015
320495455,11,10,3,1,2014
371732703,11,12,2,7,2016
371732703,12,13,1,9,2015
371732703,5,8,8,5,2014
1157707647,10,5,8,3,2017
1157707647,10,10,4,2,2016
1157707647,10,8,2,5,2014
1157707647,7,6,7,5,2015
35376688,24,15,6,1,2017
35376688,19,21,9,5,2015
35376688,16,22,9,6,2016
329833162,13,10,9,3,2015
329833162,17,11,0,9,2014
329833162,12,13,3,7,2017
329833162,12,9,3,6,2016
818330518,15,15,3,4,2017
818330518,15,11,8,6,2016
818330518,7,8,8,8,2014
818330518,10,16,2,4,2015
1230453127,10,5,2,2,2014
1230453127,6,15,6,8,2015
1230453127,6,8,0,0,2016
1230453127,9,8,9,5,2017
123232020,4,8,7,8,2014
123232020,6,14,1,5,2015
123232020,5,9,6,3,2016
550474928,11,5,1,0,2017
550474928,15,18,8,9,2015
931657521,17,19,5,4,2017
931657521,9,14,9,1,2015
931657521,9,10,8,5,2014
550474928,10,8,0,4,2014
550474928,8,15,6,4,2016
931657521,10,13,7,6,2016
393068800,7,9,1,2,2015
393068800,7,6,1,2,2017
393068800,14,10,0,9,2014
393068800,9,9,3,6,2016
893456351,10,11,5,6,2014
893456351,128,122,8,1,2015
893456351,5,4,5,4,2017
893456351,142,143,2,6,2016
816980647,19,16,9,6,2014
816980647,13,11,0,5,2016
816980647,11,12,3,6,2015
816980647,12,10,0,9,2017
541614379,12,5,0,1,2014
541614379,7,14,6,7,2015
541614379,10,4,2,1,2016
541614379,11,11,4,4,2017
1220850302,6,10,5,0,2014
1220850302,13,14,9,6,2016
1220850302,13,5,3,6,2015
1220850302,6,14,5,4,2017
1212314502,6,11,4,1,2015
1212314502,12,10,9,4,2016
1212314502,12,8,5,0,2014
1212314502,9,5,5,4,2017
910606065,11,10,2,4,2015
910606065,12,12,5,5,2014
910606065,14,10,9,6,2016
861650029,13,13,5,4,2015
861650029,12,13,3,9,2017
861650029,16,18,5,6,2016
861650029,17,17,8,1,2014
399150964,6,12,6,2,2014
399150964,10,10,8,0,2015
399150964,5,9,4,0,2016
399150964,13,6,0,4,2017
553289910,9,13,1,7,2016
553289910,16,20,3,5,2014
553289910,20,12,2,1,2015
553289910,13,6,2,6,2017
28700306,6,10,2,4,2013
28700306,10,11,5,6,2014
28700306,6,10,1,3,2017
28700306,12,14,4,2,2015
28700306,11,11,7,9,2016
754241569,15,14,12,7,2014
754241569,12,6,4,7,2016
754241569,11,14,6,1,2017
754241569,7,14,8,5,2015
549903142,12,11,0,0,2016
549903142,5,5,3,4,2014
549903142,9,14,5,8,2017
549903142,5,5,5,1,2015
542465064,12,9,5,2,2016
542465064,40,34,1,8,2014
990978133,12,17,3,5,2015
990978133,13,15,7,2,2014
542465064,37,34,3,9,2015
542465064,35,37,4,4,2017
115130412,12,11,6,2,2017
115130412,14,6,3,7,2016
115130412,6,11,0,5,2015
202383006,11,14,1,1,2014
202383006,14,7,0,0,2017
202383006,6,7,3,4,2015
202383006,6,12,7,2,2016
606772756,11,7,4,7,2015
606772756,11,8,5,1,2016
606772756,6,2,8,4,2017
586580374,14,9,6,2,2016
586580374,5,6,1,9,2015
586580374,6,6,4,0,2014
586580374,13,7,5,3,2017
653673143,10,9,6,5,2016
653673143,13,11,2,1,2014
653673143,13,10,5,9,2015
653673143,6,8,2,2,2017
650722818,10,8,9,4,2015
650722818,14,12,8,7,2017
650722818,7,11,8,3,2016
650722818,11,13,9,2,2014
577613201,10,2,6,4,2017
577613201,8,14,1,8,2016
577613201,7,8,7,7,2015
577613201,14,5,9,5,2014
682484361,14,7,5,8,2014
682484361,14,14,1,8,2017
682484361,13,2,3,5,2016
682484361,7,6,3,4,2015
97624133,6,13,4,6,2014
97624133,8,12,1,1,2017
97624133,7,12,1,6,2016
960837300,5,14,3,9,2014
960837300,5,11,9,8,2016
960837300,9,6,0,4,2017
960837300,14,14,8,7,2015
97624133,11,7,8,4,2015
870947625,2,2,8,6,2017
870947625,9,4,7,2,2016
870947625,1,2,6,2,2015
870947625,6,9,8,6,2014
987433924,8,12,6,7,2017
987433924,14,12,6,4,2015
987433924,14,12,8,6,2016
987433924,13,9,7,2,2014
5021913,9,12,8,8,2016
5021913,8,13,9,0,2017
5021913,6,10,9,9,2015
5021913,9,12,2,9,2014
949368800,10,5,5,9,2015
949368800,12,13,9,1,2016
949368800,12,5,9,5,2017
949368800,12,10,7,3,2014
822725112,18,17,8,6,2014
822725112,22,13,7,7,2016
822725112,33,39,0,7,2017
822725112,20,16,9,6,2015
597262958,24,23,16,3,2016
597262958,19,25,7,4,2017
597262958,14,6,9,7,2015
952061226,61,56,2,3,2016
952061226,59,52,5,8,2014
952061226,60,61,4,2,2015
952061226,60,52,2,2,2017
1014013036,12,14,0,9,2015
1014013036,9,9,9,5,2016
1014013036,14,8,2,9,2017
1014013036,22,26,2,2,2014
253957370,95,101,7,9,2017
253957370,92,100,2,2,2014
253957370,94,100,4,1,2016
253957370,94,93,5,7,2015
806147703,13,12,0,7,2014
806147703,18,18,8,4,2015
806147703,12,10,9,2,2017
806147703,9,5,0,3,2016
1142430152,11,13,3,7,2016
1142430152,11,17,6,2,2015
544187338,221,219,8,2,2017
881819615,64,68,3,0,2017
881819615,11,5,5,0,2014
881819615,69,71,7,1,2016
881819615,66,66,66,8,2015
31433441,100,95,6,0,2017
31433441,91,99,1,8,2016
338335569,10,10,4,6,2014
338335569,13,12,4,4,2016
338335569,10,8,4,0,2015
338335569,10,5,0,3,2017
648067383,117,108,9,5,2015
648067383,115,115,4,7,2016
648067383,7,2,0,4,2017
648067383,108,107,3,6,2014
209666410,11,16,5,5,2016
209666410,16,10,6,0,2017
209666410,4,2,5,9,2015
209666410,13,14,3,2,2014
859416857,5,10,9,7,2014
859416857,16,10,4,3,2015
859416857,12,10,7,0,2016
859416857,12,9,2,5,2017
818633038,6,13,0,1,2017
818633038,1,5,7,4,2016
818633038,6,11,1,9,2014
818633038,11,9,7,2,2015
792053727,5,,5,3,2015
792053727,10,9,4,4,2017
792053727,12,,6,2,2013
792053727,4,,7,3,2016
792053727,7,,8,9,2014
605938059,13,12,2,1,2016
605938059,11,11,1,3,2017
501123552,9,6,4,6,2015
501123552,9,10,5,5,2017
501123552,10,7,7,2,2014
501123552,5,7,5,3,2016
616344807,15,,,,2015
616344807,18,13,2,1,2017
616344807,50,57,42,0,2016
293606499,16,20,7,9,2017
293606499,21,16,0,3,2014
293606499,20,12,1,7,2015
293606499,22,20,9,5,2016
1046206454,7,12,8,8,2015
1046206454,12,12,6,5,2014
1046206454,8,8,6,3,2016
1046206454,10,7,3,0,2017
945726753,52,54,8,9,2014
945726753,19,14,5,1,2015
945726753,30,26,15,11,2017
945726753,20,29,9,4,2016
1160814625,8,7,6,1,2016
1160814625,10,8,2,8,2015
1160814625,21,13,8,5,2017
226482354,6,14,1,4,2014
130158179,10,14,1,6,2014
130158179,16,9,5,9,2015
847113181,9,9,9,4,2014
847113181,14,10,5,9,2015
1039511292,15,24,7,1,2014
1039511292,12,8,2,3,2015
604971152,0,9,8,2,2015
736872976,24,19,0,2,2014
736872976,13,3,1,4,2015
266843998,10,13,1,5,2014
266843998,10,11,8,3,2015
711229695,10,9,6,6,2015
29710180,48,46,12,5,2014
29710180,18,9,6,7,2015
999531978,17,18,2,8,2014
999531978,6,10,7,5,2015
672166181,6,5,6,3,2014
672166181,8,10,2,1,2015
199574297,7,7,1,8,2014
199574297,8,5,3,5,2015
462239109,9,6,0,3,2014
462239109,9,8,4,9,2015
1176009192,5,12,8,8,2014
1176009192,9,9,7,6,2015
743695385,10,7,7,1,2014
743695385,3,2,1,1,2015
1042477142,1021,7,3,8,2014
1042477142,1022,1016,7,9,2015
1159460601,6,6,9,8,2014
1159460601,5,12,0,9,2015
46306095,12,9,1,3,2014
46306095,14,13,5,8,2015
1060268291,5,13,8,0,2014
1060268291,12,7,0,4,2015
598854091,8,6,0,7,2017
207715512,7,7,9,5,2015
207715512,13,12,2,1,2016
267580966,17,21,1,1,2014
267580966,7,10,8,3,2015
267580966,7,5,9,3,2016
1091278471,13,15,4,4,2013
1091278471,12,14,1,9,2014
1091278471,13,16,5,8,2015
1091278471,6,4,4,6,2016
347604803,11,10,3,5,2014
347604803,9,9,9,5,2015
347604803,14,9,1,7,2016
143852205,15,9,4,9,2016
39553464,8,5,6,6,2017
39553464,14,11,2,0,2016
39553464,14,6,8,3,2015
506062306,13,13,5,9,2017
506062306,16,,8,4,2016
555086548,119,115,5,8,2016
555086548,110,119,9,4,2017
555086548,42,41,6,1,2015
555086548,5,9,8,9,2014
546284543,6,11,4,2,2017
546284543,12,,1,0,2016
420585901,14,6,8,5,2017
420585901,11,10,3,0,2016
861396049,6,9,1,5,2017
861396049,14,10,6,4,2016
808505867,6,6,9,3,2016
808505867,8,9,1,9,2015
808505867,9,9,7,2,2017
803268941,5,6,2,6,2016
803268941,13,6,7,7,2017
895605368,6,11,4,1,2016
895605368,13,5,8,7,2015
895605368,5,14,9,1,2017
959982192,9,9,0,4,2015
959982192,14,10,2,9,2014
959982192,7,,7,3,2013
959982192,13,5,3,5,2016
959982192,11,7,5,0,2017
393688871,9,13,5,9,2015
393688871,5,9,0,7,2016
393688871,13,8,0,0,2017
1023748234,113,89,43,9,2017
254433707,14,13,1,1,2016
254433707,9,5,1,3,2015
254433707,11,10,5,3,2017
778775253,10,10,1,1,2017
778775253,7,9,9,9,2016
778775253,11,6,8,9,2015
408395397,6,12,4,3,2016
408395397,7,13,8,7,2017
408395397,6,11,4,9,2015
80296645,14,6,7,8,2016
80296645,12,4,3,2,2017
80296645,8,6,9,0,2015
235616090,11,10,8,3,2016
235616090,15,8,9,8,2014
235616090,14,14,8,3,2015
235616090,8,14,9,5,2017
186373030,8,9,7,1,2015
186373030,9,8,6,5,2016
186373030,10,7,0,2,2017
748011181,11,16,9,1,2017
1128814377,6,,2,6,2014
1128814377,6,13,2,5,2017
1128814377,11,14,6,8,2016
380216442,17,13,2,1,2015
380216442,11,9,5,8,2016
380216442,14,14,2,6,2014
380216442,8,8,3,7,2017
708730881,5,14,8,8,2017
708730881,8,13,4,11,2016
708730881,7,14,0,5,2015
708730881,11,10,7,0,2014
610422417,8,13,3,3,2016
610422417,5,8,9,0,2014
610422417,7,9,0,6,2017
610422417,15,6,1,2,2015
1215840103,11,8,8,6,2014
1215840103,11,7,9,2,2015
1215840103,12,6,1,3,2016
67264605,11,12,6,0,2016
67264605,10,17,2,10,2017
1118224239,13,8,9,9,2016
1118224239,13,8,5,4,2017
1118224239,10,11,3,8,2015
1118224239,14,14,3,1,2014
370496820,22,17,7,2,2015
370496820,6,1,2,4,2014
370496820,19,17,8,1,2016
370496820,14,9,6,9,2017
527499435,10,7,3,1,2015
527499435,10,15,4,5,2016
527499435,13,13,2,6,2017
184552458,8,9,3,5,2015
184552458,2,8,7,5,2014
184552458,12,13,7,5,2016
184552458,8,9,6,4,2017
991336071,6,9,2,1,2017
991336071,13,11,2,6,2016
991336071,7,8,0,6,2014
991336071,6,6,8,4,2015
286283900,14,9,7,5,2015
286283900,24,17,9,8,2014
286283900,13,14,8,5,2017
286283900,15,10,3,2,2016
873122057,124,129,5,3,2017
873122057,127,122,7,7,2016
873122057,122,,,,2015
873122057,128,,,,2014
753335488,39,38,3,9,2014
753335488,37,41,1,0,2017
753335488,40,36,5,1,2015
753335488,43,33,9,5,2016
995612754,10,16,10,8,2016
995612754,14,14,5,1,2017
1094959028,15,14,1,0,2016
1094959028,12,21,6,2,2017
845326161,14,5,5,4,2015
845326161,12,13,7,5,2017
845326161,5,11,5,4,2016
894672130,4,2,7,2,2016
894672130,5,12,7,3,2017
251502755,11,4,2,6,2016
251502755,7,5,2,9,2017
561061049,12,3,9,0,2016
561061049,9,2,6,9,2017
248117226,25,19,5,4,2016
248117226,25,24,8,10,2017
1177049664,12,8,9,0,2015
1177049664,13,12,4,8,2016
1177049664,7,14,7,7,2014
526155060,22,28,0,0,2014
526155060,18,22,6,2,2016
526155060,27,22,7,4,2015
526155060,23,23,0,9,2017
554951851,12,14,8,8,2017
554951851,8,6,9,2,2016
1068122149,13,7,4,6,2017
323996898,16,8,5,3,2017
442832211,6,10,0,0,2017
442832211,4,,2,7,2016
106342365,11,5,1,9,2017
106342365,11,5,3,5,2016
603068318,7,12,0,0,2016
603068318,11,11,0,8,2017
526370261,5,10,3,6,2015
526370261,23,30,24,5,2016
526370261,34,27,10,9,2017
449707472,6,10,1,3,2017
449707472,8,9,6,7,2016
758593938,10,3,1,5,2018
926197727,8,9,2,1,2018
411089521,7,6,4,3,2018
232779620,11,14,8,8,2018
1023748234,8,6,6,8,2018
172778632,10,5,6,0,2018
920674519,9,12,5,4,2018
527857978,14,16,9,6,2018
106353963,7,10,7,3,2018
148531776,6,8,3,4,2018
248117226,21,24,8,0,2018
398236005,9,8,1,5,2018
679145127,8,6,1,5,2018
127954430,14,5,5,1,2018
705577463,13,9,8,3,2018
705577463,9,13,5,9,2017
901842948,10,6,5,9,2017
901842948,8,10,9,2,2018
285883094,13,2,3,10,2018
285883094,11,6,0,7,2017
417706030,7,6,4,0,2018
417706030,10,10,5,7,2017
443137246,9,9,1,3,2018
577714254,12,8,6,9,2018
577714254,7,11,7,3,2017
669166247,13,11,6,7,2018
442832211,9,6,7,7,2018
792053727,10,5,3,6,2018
393068800,13,7,8,8,2018
4931578,12,10,4,3,2017
4931578,8,5,3,1,2018
506062306,13,9,4,1,2018
148531776,7,10,8,2,2017
232779620,14,10,2,7,2017
172778632,5,13,2,1,2017
527857978,14,16,0,9,2017
920674519,10,15,4,9,2017
758593938,5,8,1,7,2017
411089521,12,8,7,8,2017
706479012,6,14,7,5,2017
706479012,11,13,6,4,2018
630123762,10,6,3,0,2017
1014614801,13,14,5,4,2017
1014614801,9,12,8,0,2018
689503528,14,6,2,5,2017
134483094,14,10,2,0,2018
134483094,11,8,3,0,2017
27194775,12,6,6,6,2017
296608327,13,8,1,0,2017
296608327,9,3,5,1,2018
1106395386,10,6,3,2,2018
1106395386,13,6,4,7,2017
738963419,6,5,5,2,2017
1212160802,14,5,2,7,2018
1212160802,14,14,8,5,2017
738963419,7,10,2,9,2018
1231276480,10,10,1,4,2017
179928231,14,11,6,6,2017
499144172,12,17,2,8,2017
705518093,6,7,5,5,2018
705518093,5,6,8,1,2017
388923000,9,13,1,4,2018
388923000,9,9,2,3,2017
595954355,20,20,1,7,2018
980967400,6,9,9,1,2018
980967400,8,12,0,6,2017
763529552,14,5,4,9,2018
763529552,9,7,9,1,2017
1063323273,23,24,2,2,2018
459188851,13,6,9,5,2017
459188851,11,14,3,9,2018
1225656300,13,6,9,9,2017
938312498,9,2,3,0,2017
291507927,8,15,8,8,2017
291507927,14,11,3,6,2018
637947059,14,5,9,7,2018
637947059,6,9,7,1,2017
1234079793,7,10,1,3,2017
309115288,10,10,9,8,2018
79352604,6,11,0,9,2017
986206434,10,7,6,8,2018
986206434,5,7,3,1,2017
848138725,13,9,8,9,2018
848138725,9,6,2,8,2017
266843998,10,5,0,6,2018
266843998,11,8,9,8,2017
999188308,19,14,4,3,2017
252728569,12,13,0,6,2017
252728569,6,11,4,9,2018
981932977,14,12,7,1,2017
981932977,14,14,7,5,2018
176291778,9,10,5,5,2017
61871703,6,14,2,4,2017
61871703,14,5,5,5,2018
976354493,9,5,7,8,2018
976354493,13,8,0,1,2017
1161049216,14,10,8,8,2017
1161049216,14,11,6,8,2018
397117831,4,9,9,6,2017
999531978,12,9,7,2,2018
397117831,8,8,5,1,2018
781523719,7,12,4,3,2017
848195588,15,6,0,3,2017
1118676576,16,13,0,4,2017
1118676576,14,9,7,9,2018
484092040,9,7,0,1,2017
940626661,7,11,9,9,2017
356422239,14,8,7,3,2017
356422239,8,11,9,0,2018
78986550,12,5,5,8,2018
78986550,10,12,9,8,2017
1228521501,23,23,7,8,2017
1228521501,20,28,3,6,2018
187604515,19,24,0,9,2018
187604515,22,25,1,5,2017
790581983,6,6,9,3,2017
689503528,8,9,0,2,2018
1231276480,7,12,8,0,2018
595954355,18,14,0,3,2017
1063323273,27,29,2,8,2017
1033127649,8,12,1,2,2017
1033127649,10,5,4,4,2018
176291778,7,10,9,8,2018
1031197118,14,6,0,8,2017
484092040,13,13,7,9,2018
356780487,13,5,6,5,2017
356780487,12,5,3,6,2018
27194775,13,10,9,9,2018
309115288,11,11,6,0,2017
79352604,5,11,9,6,2018
781523719,12,7,1,0,2018
999531978,17,10,0,5,2017
361976282,10,15,3,6,2017
361976282,12,15,2,5,2018
895857171,14,10,4,0,2017
895857171,11,7,2,3,2018
867797442,5,10,5,5,2017
165524544,12,12,8,0,2018
165524544,9,14,8,8,2017
118154433,5,7,9,5,2017
118154433,6,11,8,7,2018
926143783,9,6,0,3,2018
926143783,11,11,1,4,2017
790677122,6,14,6,9,2017
790677122,8,11,1,3,2018
65586846,5,12,6,5,2017
65586846,7,14,1,0,2018
218378462,14,18,0,9,2017
218378462,18,11,4,0,2018
792543897,11,17,8,8,2017
792543897,16,16,4,5,2018
672166181,14,14,7,9,2017
672166181,12,7,4,1,2018
199574297,9,5,8,3,2018
199574297,13,8,6,1,2017
873425370,10,8,6,0,2018
873425370,14,3,9,9,2017
267580966,19,10,0,2,2017
267580966,14,11,0,3,2018
196406353,14,7,4,3,2018
169938809,58,55,2,0,2018
256836161,8,14,8,1,2018
257289615,10,6,4,7,2018
1197855552,10,8,8,2,2017
1197855552,6,13,9,3,2018
207715512,7,12,2,7,2018
207715512,14,5,4,7,2017
347604803,10,13,7,1,2017
347604803,6,9,8,3,2018
25570334,10,8,3,6,2017
25570334,11,7,1,9,2018
763662699,133,133,5,7,2018
763662699,133,132,7,2,2017
382601392,5,8,9,9,2017
1221731192,8,15,1,3,2018
1221731192,9,9,3,7,2017
638431582,9,10,2,7,2017
638431582,6,1,4,2,2018
1193928654,7,13,8,2,2017
1193928654,13,11,3,0,2018
462239109,8,6,5,4,2017
462239109,7,9,9,0,2018
1212044385,11,12,9,0,2017
1212044385,5,14,0,4,2018
704770723,8,6,0,2,2017
29710180,47,42,36,4,2018
29710180,13,6,6,9,2017
1176566336,11,7,4,8,2018
673040398,18,16,9,2,2017
673040398,18,18,5,4,2018
1176566336,14,8,7,1,2017
16180213,9,10,2,6,2018
507432852,14,8,3,5,2018
1227845909,10,5,4,7,2018
1042862434,29,29,4,5,2018
282175715,14,4,8,4,2017
282175715,17,11,13,6,2018
711229695,5,10,9,4,2017
711229695,11,12,4,2,2018
537885458,13,6,4,6,2017
537885458,9,16,3,2,2018
497300048,5,11,5,1,2017
497300048,14,5,5,4,2018
1225962998,21,22,2,7,2018
1225962998,18,17,2,2,2017
1039511292,10,14,7,8,2018
1039511292,7,2,1,3,2017
46306095,7,10,3,6,2017
25339017,13,11,2,2,2017
25339017,12,5,6,2,2018
623380080,14,10,5,0,2018
623380080,7,11,0,8,2017
553061350,4,0,5,0,2017
332421761,6,9,1,9,2017
332421761,7,13,2,8,2018
143852205,17,17,7,0,2017
143852205,9,12,7,5,2018
1029827269,13,11,9,1,2018
1029827269,8,10,5,1,2017
406037428,7,10,6,0,2017
406037428,11,11,7,4,2018
496937231,15,13,9,0,2018
496937231,11,15,4,1,2017
1176009192,9,6,6,2,2018
1176009192,14,14,1,3,2017
221066351,9,5,5,6,2017
221066351,13,11,7,6,2018
909473459,10,14,2,2,2017
909473459,10,0,1,7,2018
874307336,13,5,3,4,2018
874307336,6,2,1,3,2017
176005267,14,5,3,9,2017
176005267,8,10,8,6,2018
757960207,11,6,8,7,2018
757960207,13,10,5,5,2017
862503712,10,5,1,4,2017
862503712,5,5,3,9,2018
847113181,13,11,6,0,2018
1042477142,1039,1041,9,1,2017
1042477142,1044,1036,7,7,2018
192118866,10,14,2,4,2018
192118866,9,7,1,8,2017
1018549779,5,8,8,0,2017
1018549779,13,13,3,2,2018
847113181,13,5,6,9,2017
49505475,16,15,6,9,2018
49505475,16,12,8,8,2017
736872976,6,4,6,7,2017
736872976,11,5,0,5,2018
1159460601,14,12,3,9,2017
181548141,22,25,7,9,2018
181548141,22,26,7,6,2017
359592356,10,14,8,5,2018
359592356,10,9,9,4,2017
47513456,12,12,0,7,2017
47513456,8,7,5,9,2018
743695385,70,74,7,7,2017
743695385,7,14,0,9,2018
637469812,14,16,8,6,2017
468189934,15,14,8,5,2018
468189934,15,11,0,4,2017
96977515,12,15,4,7,2017
96977515,7,6,2,4,2018
1060268291,7,7,7,2,2017
1091278471,5,5,7,3,2017
1091278471,10,5,5,7,2018
1060268291,10,5,7,0,2018
1197843583,14,13,3,4,2017
1197843583,13,2,8,5,2018
665895953,17,14,6,9,2018
604971152,7,2,1,6,2017
604971152,3,10,1,8,2018
495399147,10,13,9,3,2017
495399147,6,9,6,7,2018
773459672,9,6,2,2,2018
773459672,11,8,2,7,2017
144094091,7,8,0,9,2017
144094091,11,6,4,3,2018
317176006,13,8,6,2,2017
317176006,10,8,4,6,2018
742970169,17,14,2,9,2017
742970169,14,11,2,1,2018
733988646,15,12,5,9,2017
665895953,10,12,6,2,2017
240291105,6,8,3,1,2017
240291105,14,6,0,4,2018
213660931,59,44,7,9,2018
213660931,52,42,7,2,2017
397613892,17,18,9,7,2018
397613892,23,17,1,4,2017
1014184750,6,12,1,9,2017
1014184750,12,6,3,1,2018
1188274904,19,15,0,2,2018
1188274904,16,16,9,4,2017
806747336,13,15,5,1,2018
806747336,5,11,6,5,2017
226482354,5,6,2,3,2017
575423642,13,11,5,1,2018
575423642,7,8,7,2,2017
310351600,13,19,0,0,2017
342131622,19,11,2,4,2018
342131622,17,11,8,1,2017
281186450,14,7,0,1,2018
281186450,8,12,3,9,2017
1116097177,9,7,4,0,2018
1116097177,7,15,1,0,2017
1046546358,8,9,1,1,2018
1046546358,10,6,0,2,2017
671461191,5,2,1,4,2017
671461191,5,14,4,3,2018
818398368,10,12,9,8,2018
818398368,7,8,4,1,2017
207526785,7,10,7,2,2017
207526785,12,12,8,2,2018
198232965,8,11,0,8,2018
198232965,10,12,2,1,2017
596983786,14,16,0,0,2017
596983786,9,11,12,1,2018
109489448,11,8,8,0,2017
109489448,13,14,7,8,2018
313967587,10,12,1,1,2017
313967587,7,8,2,4,2018
246071118,28,25,5,9,2018
246071118,32,29,8,5,2017
734211981,14,6,0,9,2017
734211981,5,8,6,3,2018
993713020,7,12,5,4,2017
993713020,10,14,4,9,2018
95372180,5,7,1,4,2018
95372180,12,7,2,6,2017
37580168,6,11,3,4,2018
37580168,6,12,0,6,2017
227342243,12,11,7,2,2018
318429888,11,13,3,7,2017
318429888,103,97,1,3,2018
104104541,46,45,4,8,2018
347752212,14,10,8,8,2017
227342243,14,6,3,2,2017
795413186,9,9,9,3,2017
795413186,13,7,5,5,2018
996959397,9,9,6,6,2017
996959397,11,11,9,1,2018
1096349518,6,7,4,7,2017
1096349518,11,8,9,3,2018
804428142,13,14,9,9,2018
804428142,7,10,9,7,2017
477997054,9,10,8,7,2017
434366847,23,28,8,2,2017
434366847,23,29,7,5,2018
413237823,8,9,8,9,2018
219473096,5,5,0,5,2017
219473096,8,13,6,1,2018
39991444,9,5,9,2,2017
1086072313,5,8,9,3,2017
1086072313,12,6,5,6,2018
479087523,8,7,5,4,2017
413237823,12,7,6,0,2017
171608416,18,14,4,6,2018
171608416,9,12,0,0,2017
221197,5,7,0,9,2017
225295510,11,12,6,9,2017
326629608,10,12,4,8,2017
326629608,11,14,2,1,2018
199081552,10,12,5,9,2018
199081552,6,11,0,4,2017
653354428,15,13,6,3,2018
653354428,11,14,14,4,2017
523353840,11,14,1,0,2017
523353840,10,8,9,2,2018
451923911,12,9,7,5,2018
451923911,7,6,6,0,2017
33584181,5,4,3,0,2017
33584181,12,6,1,8,2018
1099286925,7,11,8,1,2018
1099286925,10,7,8,1,2017
20689540,9,14,7,2,2018
20689540,10,11,2,1,2017
741962989,18,14,1,4,2018
741962989,17,20,3,6,2017
130158179,9,11,8,6,2018
130158179,17,10,2,5,2017
736068225,7,13,1,7,2017
976281343,14,5,8,5,2017
1159320958,3,4,0,5,2018
1094959028,29,26,5,5,2018
923084733,23,17,5,0,2018
1035196264,128,127,8,9,2018
1202680244,7,5,4,9,2018
991336071,9,7,4,1,2018
859416857,11,9,5,2,2018
35376688,19,17,1,2,2018
1188096439,8,14,7,9,2018
546284543,7,9,3,2,2018
167588682,24,18,5,4,2018
598854091,11,13,1,2,2018
1128814377,12,13,0,8,2018
323996898,11,10,0,7,2018
487722467,29,26,0,3,2018
128764700,13,15,9,4,2018
940626661,5,7,3,5,2018
1031197118,7,8,0,3,2018
1160814625,10,14,0,9,2018
607739092,18,14,9,8,2018
993001415,12,9,8,8,2018
659948081,13,9,0,8,2018
436672277,11,11,3,5,2018