,f0,f1,f2,f3,f4,f5,f6,f7,f8,f9,f10,f11,f12,f13,f14,f15,f16,f17,f18,f19
0,-0.0014694575590303847,-0.01691139710482605,-0.018683015009881853,0.0046199952562694735,-0.003055644284167154,0.008851812209013283,-0.0053891832664534735,-0.00791731237232881,-0.011479940084515283,0.0007670626439709013,-0.010079876985600165,-0.01334153234339505,0.0022379938431011867,-0.005969213437166949,-0.03539582997780141,-0.012016462115033743,0.003582028376523365,-0.016791290661897676,-0.016370510921044273,-0.007863466636578385
0,-0.23664076918552662,0.5554107970554045,-0.26989551089105884,0.05522863797456647,0.003817660958452924,-0.22905378478239352,0.14577468369221275,0.13584540095574588,-0.1866170046435912,0.07851054522638101,0.11238375334968861,-0.22531137964536554,-0.14420856979610228,0.033813256695531306,0.7969571265504107,-0.10699514506935305,-0.1577657452091443,0.13515352094597294,0.3140616887434926,-0.20609857160892844
0,-0.23664076918552593,0.5554107970554081,-0.27003952449675184,-0.26466993080393775,0.003817660958452881,-0.22905378478239288,0.14577468369221486,0.13584540095574704,0.6710108719663448,0.07851054522638275,0.11238375334968745,0.7300581468935916,-0.1442085697960991,0.030211451877360844,0.7969571265504116,0.5457600807233584,-0.15776574520914155,0.13515352094597036,0.3140616887434921,0.008278932024521986
0,-0.2366407691855183,0.5554107970554031,0.6068338046191152,-0.2616889554389743,0.00381766095845298,-0.22905378478238583,0.1457746836922175,0.13584540095575096,0.6277242155758228,0.07851054522638017,0.11238375334968911,0.6509508752870606,-0.14420856979609809,0.030099664696358747,0.79695712655043,0.5161350201893284,-0.1577657452091389,0.13515352094597485,0.3140616887434928,0.2759580808148762
0,-0.23664076918552576,0.555410797055409,0.8192221580787712,0.05480706628814073,0.003817660958452889,-0.22905378478239272,0.14577468369221458,0.13584540095574735,-0.18765000395365927,0.07851054522638273,0.11238375334968716,-0.2266701561282436,-0.1442085697960991,0.034051333707618585,0.7969571265504118,-0.0774815012428431,-0.15776574520914174,0.1351535209459704,0.314061688743492,0.1322504215634129
0,0.5531353954015791,-0.10912082670384692,-0.25985840341344285,-0.04222130588991398,-0.4390418530772933,-0.22905378478239127,-0.07565838977693698,0.1393559908702172,-0.19719802473968523,-0.1884811973129514,-0.3311197102949202,-0.20372454431707626,-0.14761413257200623,0.28892578510046213,-0.013179542618139228,-0.2641264511248324,-0.15776574520914202,1.1232550268400683,-0.2501782587060104,0.7903800695688527
0,0.5252983211306865,-0.2888856117509247,-0.26011655228093455,-0.22597487836254726,0.7757336423267325,-0.2290537847823913,-0.19681237367261895,0.12756706012028704,-0.20098353670341665,-0.006981913348633281,-0.4849125116039283,-0.2205215594384365,-0.1442085697960992,0.22797564772248777,-0.05932448946084855,-0.11051955298252214,-0.157765745209142,1.09348614276225,-0.29695914773734555,-0.46764836048961966
0,-0.2366407691855239,-0.22735145597178086,0.893118571363322,-0.2291381437927298,-0.4854962800255172,0.7179140539761506,0.7823107558161094,1.1356001110340832,0.846910958096827,-0.3096773707821286,0.8001069127877712,0.9829012931523528,0.7935965070335836,0.7430243327033823,-0.10113014778194167,0.5722310507793531,-0.157765745209142,-0.31756564149767047,0.3696623725189925,-0.4921999828552746
0,0.6092129199292226,-0.274927918162503,1.0563550906929395,-0.24429124130027247,-0.27165203562931395,-0.030284497405763628,-0.23348614311625995,0.1384742683761453,-0.19042331058405923,-0.09038556191839818,-0.727607972497817,-0.19457310553117324,0.7991287763269838,-0.9150731084979692,-0.0857072148236157,0.14861024061775185,-0.157765745209142,0.17931403232496654,-0.47768646959575567,-0.4979612996426616
0,-0.2366407691855239,0.0978047138930611,-0.2605480783193842,-0.1544384723889334,-0.03112711769384648,-0.22905378478239127,-0.11547266332881041,-0.8639093091225866,-0.17560484259295298,-0.11146347726554368,-0.6092060487061199,-0.20626105013716622,-0.1442085697960992,-0.31586993567692917,0.031407363067531315,-0.03153504690688015,-0.157765745209142,0.29584997700625243,0.6386224762218617,-0.45273659169267716
0,0.5704639024220103,-0.2199005697019981,0.9363415537592905,-0.37670047497201065,0.7757336423267325,0.6662532467824381,0.6396448673879039,0.12116229519465503,0.959861650160941,-0.2605174131412005,0.642467605965774,1.0614732195303038,-0.1442085697960992,-0.5690966504503887,0.4390990064963816,0.5699157843051748,-0.157765745209142,1.1330323066898624,0.9375505996457298,0.761160415622259
0,-0.2366407691855239,-0.27781706705629194,0.9378482296370432,-0.2385191225650038,0.7757336423267325,-0.2290537847823913,-0.30590952944533994,1.1356001110340832,-0.1824201824400243,-0.05886601543249204,0.546809456256513,-0.2159806678760327,-0.1442085697960992,0.3638910818507513,-0.13856215398254002,-0.0954276587307726,-0.157765745209142,0.128388594061754,-0.189621014334332,-0.46472657358054
0,0.48082652399567616,-0.26702920101865874,1.0545705637316078,0.29162864486927426,-0.4915668702197273,-0.22905378478239127,-0.3611280241615735,0.1316297749743778,-0.210137066899951,-0.16626767953382474,0.657548097205509,-0.21775539535901908,-0.1442085697960992,0.17658408728864095,-0.09840704572225269,-0.19755983458302606,-0.157765745209142,0.1432760831748878,-0.3220243949603897,0.7726250111002697
0,-0.2366407691855239,-0.10659717085836361,-0.2622347427077232,-0.16893244199523752,0.0038176609584528996,-0.22905378478239133,-0.21489982989442802,-0.8639093091225866,-0.21847438486312964,0.23681235742089304,-0.49511333212064357,-0.1707254909902489,-0.1442085697960992,-0.035139667538852705,-0.008894097988602499,-0.25576725180178944,0.6140492194175481,0.31493253447223357,-0.11158346833081047,-0.41695379824928475
0,-0.23664076918552382,-0.023064096679483177,0.9732596457484972,0.11843957133727455,-0.03910718540943355,-0.22905378478239133,0.7167404999014895,1.1356001110340832,-0.18546323014784025,-0.6095477469825656,0.2786871923003302,-0.2007160354951067,-0.14420856979609914,0.19769442215793434,-0.05597909297975367,-0.1836828601355793,-0.15776574520914194,-0.8220619561577138,0.6078642318411983,-0.429712616466459
0,0.6140407747400854,-0.1862153396645487,-0.2600761885427146,0.03288000605987228,-0.3967775317093573,0.4978138236762584,-0.15516292233610018,0.12831056499084556,-0.17712751640185445,-0.19169649246756768,-0.6386374157318372,-0.20075978506710937,-0.15101969534791326,-0.22144349775104705,0.014970489765994497,-0.1268330499012776,0.6480777827000247,1.0209894511832982,-0.4682331515772299,0.19469748206806411
0,0.5766652906728589,-0.28917921211863257,0.947322392930995,-0.24636204156507455,-0.5588221104715575,0.6823153460795189,-0.34108324820900576,-0.8639093091225866,0.7474506169655282,-0.2374395542596329,0.5632032118449596,1.0158800856097394,-0.14818172636799073,0.5452065129694316,-0.07066619100309,0.5839591090411027,-0.157765745209142,-0.03714313690043806,-0.28229973833914207,-0.48839428721932565
0,0.5414378830819612,-0.3272969335869285,0.9390470723359673,0.1308331807901146,-0.37138772604781106,-0.22905378478239133,-0.2950252093072521,1.1356001110340832,-0.21942746727856463,-0.15930661538919907,0.36972807529976287,-0.21649038093431175,-0.1521548829398823,0.11024225271694565,-0.11824813462499066,-0.2458069972438867,-0.157765745209142,-0.8451372337362847,-0.4177797002373562,-0.44829556719670455
0,-0.2366407691855239,-0.2804009335283446,-0.26011765827378797,0.029377707153377133,0.7757336423267325,-0.2290537847823913,-0.2894749050866748,-0.8639093091225866,-0.20828149348051228,-0.24627857674204884,0.9554555660629342,-0.21215060162220836,-0.1442085697960992,0.8321202084862187,-0.12036474814409988,-0.0003594430582756214,-0.157765745209142,0.03999384514035602,0.26724790372119495,0.8180523460700111
0,0.5765388761237991,-0.1343882918468421,-0.2570370369207534,-0.26506573477927037,0.0038176609584529,-0.2290537847823913,-0.34218590451122577,0.13552926397382362,0.906599912962514,0.8139700848418008,-0.7253365880050823,1.0308139707462431,-0.1442085697960992,-0.19325514699943783,-0.08320549239372632,0.5291109105770709,-0.157765745209142,0.16721600520339536,-0.4915433605428259,0.7572510304155651
0,0.3762959088827918,-0.2951801543054876,1.0373332008629557,-0.06854435833908176,0.7757336423267325,0.6713601748940249,0.29141294934213663,0.08472724480412645,-0.1788901357922817,-0.20235690193186112,0.8651008815111121,-0.21695336465115594,-0.1442085697960992,0.28727261864124654,0.06434677616395004,-0.0733234338981513,-0.157765745209142,1.1238117389468685,0.455996217702192,0.8080485458550182
0,0.0930564563824714,-0.27632583378284226,-0.25445879450083914,-0.09083603786028248,0.0038176609584528996,-0.22905378478239133,-0.004266567676526699,0.12807984239025458,-0.12700320299662468,0.36871609150842993,-0.14048233345185687,-0.20844490703727758,-0.1442085697960992,-0.9236067162360427,-0.04717137047232153,-0.0748584858316368,-0.157765745209142,1.1183980648653573,-0.10610918755224709,-0.41557825715227814
0,-0.23664076918552382,-0.1395755491287757,-0.2619516870341455,-0.042480841640233934,-0.370156852143449,-0.1980322462957301,-0.06747348738890208,-0.8639093091225866,-0.1753669171206967,-0.13072638219478067,-0.6427187705637653,-0.21759174094217096,0.7954643201003211,-0.4292937334692482,0.04641394493134029,-0.0738021486399959,-0.15776574520914194,1.130628014942859,-0.1433049286170879,0.5733822238086326
0,0.4762722539859587,-0.2545286542544148,0.9571023078217923,-0.2724776515986409,0.7757336423267325,0.1958073039044407,-0.06493795436782647,0.11319655064478261,0.9142789182121147,-0.09168450816472329,0.6205041594649622,1.0190628097807037,-0.1442085697960992,0.5702519366733114,-0.04762146379923926,0.5383804496271324,-0.157765745209142,0.17931422035508404,-0.029707689024075102,0.8005213030328315
0,0.4810199673878107,-0.28011720237672755,0.9849196120757999,0.3283470401328573,-0.5228234865714851,-0.2290537847823913,-0.3119015802032413,0.06492587625535362,-0.20056890395230248,-0.07418856477552416,0.8971036353139965,-0.21311935578552452,-0.1442085697960992,0.6875215040526516,-0.13554644617272504,-0.09495627435105818,-0.157765745209142,-0.8241952682990359,-0.33597545277421087,-0.44767802679627233
0,-0.024629890251124293,-0.05476914799460245,0.9148527126281374,-0.23205914430543947,0.7757336423267324,0.3832733819386842,-0.2868847445359473,1.1356001110340832,0.8241877456996726,-0.17909942530899783,0.4989016356739612,0.9656107627150102,-0.14420856979609922,0.6725407350997601,-0.11621681730497505,0.5849183278192113,-0.15776574520914202,0.15859797310815152,-0.04559755872407706,-0.4484095306683486
0,-0.2366407691855239,-0.1455050432794416,-0.2588257947009698,-0.008272428193771424,0.7757336423267325,-0.2290537847823913,0.10547100053607981,-0.8639093091225866,-0.22151201389042285,-0.21799382711380896,0.1699633524907347,-0.21443272078296316,-0.1442085697960992,-0.004704182563909948,-0.08217845471247923,-0.14296443332998277,-0.157765745209142,0.14086812412257194,0.8205662578314441,-0.4349598254552306
0,-0.2366407691855239,0.6894543554646947,0.7934197832493135,-0.17982355434579483,0.0038176609584529,-0.2290537847823913,0.6166967226794399,-0.8639093091225866,-0.1968989930419009,-0.5516721543962457,-0.5346803747714539,-0.2265214869892842,-0.1442085697960992,-0.09277269301417143,-0.06732731262803045,-0.24186482999214526,-0.157765745209142,-0.6810818581385141,0.8917254359817949,-0.49449552457476353
0,0.5809006248553812,-0.11720135550238538,-0.2590146047767615,-0.04925942670003057,-0.4007776113034624,0.6429619147465988,-0.17640337954203347,0.058256402507844064,-0.21041102361221573,-0.18657412797587047,-0.17030100453400626,-0.21724238377613866,0.8057752688364477,0.28018983724343016,0.02382071462303064,-0.14384451741830018,-0.157765745209142,1.127059757185415,-0.3511795829005881,-0.48292412450815336
0,0.5964622550748993,-0.20395731856945723,0.9666963539082211,-0.21821844856279346,0.0038176609584528996,-0.22905378478239133,-0.36446749260704986,0.12460930064878101,0.9663600961081175,0.6927954668902682,0.1042827483241487,0.9684461820720136,-0.1442085697960992,-0.2810771340057655,-0.11750249314541435,0.5102494926410232,-0.157765745209142,0.1465362333810427,-0.3593371580775384,0.7926374742644341
0,0.49605764511910944,-0.29372867316820733,-0.2566436722397762,-0.00456740502102563,-0.4703454451435804,-0.13397404589177522,-0.18357230841164776,0.08976425465179447,-0.20463568730742437,-0.19651107080592287,-0.03641816245160474,-0.21456060732303134,0.7810028798617655,0.1818483987805772,-0.03918364713720256,-0.18239439942678654,0.719121235722564,1.0697837773709065,-0.27545229516747866,-0.11747127706353358
0,-0.2366407691855239,-0.1962220389257324,-0.2502924116125206,0.08054332935351016,-0.2816364024412111,0.6826396937024661,0.33819662871263195,1.1356001110340832,-0.19167181103210082,-0.3243547884641997,0.787906006167868,-0.19055894157508044,0.7624447352835831,0.8004525379921189,-0.0495121005593174,-0.19398587524090172,-0.157765745209142,1.130536053816036,0.6429939350489543,-0.4318390265815142
0,-0.03956244505537507,-0.29077047415233676,-0.26108113581508086,-0.0648498007983835,-0.4320204951427704,0.6981674977569864,-0.13588658156366215,-0.8639093091225866,-0.2106176758065696,-0.19681058930485493,-0.7015176014912712,-0.2147169383735557,0.8056628496503776,-0.17061436160245444,-0.0527989338824251,-0.1430920345338472,-0.157765745209142,1.0852512387751454,-0.39664264388991827,-0.02735586366977727
0,-0.2366407691855239,-0.1355642977434329,0.9673026639723781,-0.2186776671531586,0.0038176609584529,-0.2290537847823913,0.02112304117927133,1.1356001110340832,0.6725571612864284,0.6206809357394825,0.5054718554933065,1.0020593200611612,-0.1442085697960992,0.7000348659072877,-0.14051688425059786,0.6732699923365062,-0.157765745209142,-0.8549793491994022,0.0710979358595538,-0.3884751205230735
0,0.510201301041964,-0.22798224533751904,1.0793750698808884,0.23078370849094387,0.0038176609584529004,-0.16910501367679473,-0.07776646608523184,0.11454035219623752,-0.20316553120783779,0.8423539058673459,-0.6814230669918828,-0.2201917527834985,-0.14420856979609922,-0.3927259427722296,-0.027274895246284483,-0.17561373853861756,-0.15776574520914202,0.4029187926000377,-0.2851469107622724,-0.43288267766453126
0,0.5567661808777484,-0.3496122084646096,1.0564984113070428,0.23364307352842384,-0.4723666736067869,-0.22905378478239133,-0.5212506076324601,-0.8639093091225866,-0.19422031099306455,-0.2077093920494633,-0.03517053330151263,-0.2049089874849368,0.7462917427307391,0.07317689236622132,-0.11219100029790315,-0.04787543135346933,0.6543297855592747,0.2819190541892098,-0.5003388299727839,0.2920703341249094
0,0.6339610087882543,-0.2596485664472128,-0.2581341306031123,-0.0020111646044311,-0.4453625781090355,-0.2290537847823913,-0.22216111330406818,0.1104808022598951,-0.220458428525075,-0.17260680922185956,-0.15386852702119638,-0.2160241499409592,-0.1442085697960992,0.06458926123719175,-0.010030020280173895,-0.3080001994427022,0.6204521852446814,1.0855966125858354,-0.24426977552965584,0.3017049179892273
0,-0.2366407691855239,0.47206963581589106,0.9715965641996478,-0.30859125505756496,0.0038176609584528996,-0.22905378478239133,-0.2544099621844579,-0.8639093091225866,0.9134801804217024,0.7253782020052961,0.7704418001273629,0.8434124628637365,-0.1442085697960992,-0.8603343629520248,0.0045384927880987025,0.6332856820284808,-0.157765745209142,-0.7995422323465756,0.6267366160266025,-0.48508403895871405
0,0.535697824505892,0.0684440482765915,-0.25635276540025503,-0.10290735418467485,-0.5869699602179043,-0.22905378478239133,-0.07976965390823276,1.1356001110340832,-0.14904775067891243,-0.31305697460798637,0.5346416405031985,-0.2225699750776856,-0.1442085697960992,0.25386807698066366,-0.024535179725006667,-0.09931553076972026,-0.157765745209142,0.1881640886057223,0.6053337616670892,0.8111744102949797
0,0.24629223841762923,-0.1773165373643645,-0.25434064788908606,-0.2002705810797615,-0.3755345314820708,-0.22905378478239127,0.597869612611898,0.11149318555259918,-0.2000768192656418,-0.2819096197182363,0.7185009567193408,-0.20243801340380632,0.7643370590593078,0.7642256985353945,-0.009515010000790317,-0.1218290915786232,-0.157765745209142,1.115427627978555,0.7364372606648838,0.8279079477365713
0,-0.2366407691855239,-0.3275194603229683,-0.2512360973379278,-0.08274538104661061,-0.5398912930438922,0.5756941777622456,-0.4961284969521775,-0.8639093091225866,-0.2301151192043668,-0.2702080990397021,0.317649116207441,-0.22300738763720082,-0.1521548829398823,0.906033998735988,-0.0804912545602446,-0.10105612962338127,0.6665433889099135,0.10144446563588037,-0.14961798434032414,-0.04764975238548005
0,0.5480460523280833,-0.28040345763684904,1.0250984156974159,0.24507986841103963,0.7757336423267325,0.6298126904163023,-0.3108250252466589,0.1259932439823673,-0.21526567273377956,0.0365176063994911,-0.6884059360897543,-0.18840368809507596,-0.1442085697960992,-0.06959645315792715,-0.07327251242813136,-0.02933452585289198,-0.157765745209142,0.17697119486350366,-0.42192735679234655,-0.4455015127250008
0,0.5270647056563514,-0.26939424344291646,-0.25501185388998293,0.0963844326448855,-0.4083259064068184,-0.22905378478239133,0.6157268759539102,0.0962181017173069,-0.19594725349979125,-0.3115613671388601,0.5906219459160043,-0.2197837383221851,-0.1442085697960992,0.4080482456619363,0.025732979204554963,-0.12427441803037609,0.6448401054616739,0.1286318664833829,0.5744141061547602,-0.41635527948452533
0,-0.2366407691855239,-0.35981437499967456,0.9886753661269932,-0.16649481494788596,0.07546275899538253,0.6844752575535143,-0.6219778701845713,-0.8639093091225866,-0.16988241767469328,-0.15666389957553087,0.0011436098143525013,-0.21809930504278652,0.7947828832197263,0.3889687765537238,-0.14308345824382554,-0.0563861139454904,0.6993301568322293,0.14805559638788127,-0.45014123492255037,-0.38391334672614463
0,-0.2366407691855239,-0.3185339953814828,-0.25549212883574285,0.32847498182199025,-0.5159254946510891,0.6253590712801227,-0.025328220284083703,-0.8639093091225866,-0.14870797986982795,-0.22935901552310103,0.9360616001808002,-0.20114079145590535,-0.1521548829398823,0.6294515381906742,-0.008775740324037634,-0.3080151631516674,0.7348102030456459,1.078677751259315,-0.09646885475647991,0.2621162651181699
0,0.5605868975471923,-0.24499566794390884,-0.2587669467773687,-0.16307978801937165,0.7757336423267325,0.6518502350023639,-0.12226024839624892,-0.8639093091225866,-0.1989671386547759,-0.017689888037794515,-0.6053083946185731,-0.20483281824528268,-0.1442085697960992,-0.018119250877877843,-0.06409350760235043,-0.07634315432676968,-0.157765745209142,1.075713173519093,-0.3563415299397201,0.5091573212369105
0,-0.2366407691855239,-0.02942808248120162,-0.2602124080187845,0.3511125268414107,0.7757336423267325,-0.2290537847823913,0.06489373503220276,-0.8639093091225866,-0.2246330834910538,-0.1285929683136129,-0.552117442982894,-0.17551931184497047,-0.1442085697960992,-0.6406184573890076,0.20330475357074887,-0.01232782098314765,-0.157765745209142,1.1316615480573948,0.24140679573643672,-0.45669544374074716
0,-0.2366407691855239,-0.27470970186166704,-0.25586593395831525,0.20845908733498822,0.7757336423267325,0.5883237605261082,0.24450057796540206,-0.8639093091225866,-0.2219873871097182,-0.14768451065776392,-0.212462403999984,-0.1941688692936646,-0.1442085697960992,0.5395102766071931,-0.05549297172679168,-0.18686539507702465,-0.157765745209142,0.10562299541676923,0.01337325437951832,0.8171760655563561
0,0.5067563200956403,-0.22073345139532793,1.0867269861503177,-0.23332463430369343,0.6918394378915637,-0.22905378478239133,-0.08741177739262894,0.1289403254108589,-0.1945535338144638,-0.1649426651728445,-0.8402903080419503,-0.2147262061179769,0.7876503174114443,-0.5617822464515361,-0.027977816690462634,0.1615965707551227,0.7191901638120847,0.18084568486118227,-0.4760460253538388,0.18312428239716105
0,0.3987433888030796,-0.284953143982858,-0.257489355930968,-0.0776506903620249,0.7757336423267325,-0.06425217395879254,0.01272769456530708,0.13047865798964808,-0.21565972152387938,-0.14010068403043052,0.7336915822090463,-0.2167446829862979,-0.1442085697960992,0.5335965680292366,-0.11041811796535125,-0.15185269701656656,-0.157765745209142,0.1120089316869158,-0.17086663320558232,0.716351975104728
0,0.44500741464027055,-0.1528868647303288,-0.25694093995897166,0.14745131410521947,0.6946695936904276,-0.2290537847823913,-0.6035390498757324,0.1534858326792467,-0.21410964207054103,-0.19768802284349052,-0.5414905317284371,-0.22093342369806135,0.7865747480629739,0.01773465834400705,-0.09729191096292798,-0.22770204724019283,-0.157765745209142,0.17679989551089736,-0.49177826651904166,-0.488821823007395
0,0.331047827893294,-0.3268359222492041,-0.2643744846374422,-0.061850274695626845,-0.29847402291477354,-0.2290537847823913,-0.0675050831879844,0.1443140400066284,-0.21269369125561083,-0.1449682325053276,-0.6881110532185017,-0.22645976647481503,0.8012933034795573,-0.41340837832689403,-0.004898415797682701,-0.04988395038759222,-0.157765745209142,0.9388569593737215,-0.13063524905468626,0.12286603630416584
0,0.09310883252460515,-0.29860020608841126,-0.2576084018962363,0.0706886840004296,0.0038176609584528996,-0.22905378478239133,0.6211453891811366,-0.03585041626338517,-0.21919427006035552,0.0841110688230333,0.9688699290412321,-0.2082186837569188,-0.1442085697960992,0.13238757930904288,-0.09481358577175115,-0.25575890440525995,0.5543785603303543,-0.7561952850235003,0.26814783882995785,0.8170853702366684
0,0.6340104761720838,-0.20576097391089365,-0.255839107102319,0.021795780069352455,-0.5185360777119029,-0.22905378478239133,0.768543819445887,0.050105677849904405,-0.19941810374688074,-0.28631230928968576,0.5906357463663449,-0.22167248397329775,-0.1442085697960992,0.06810021905744267,0.17678725179794516,-0.26305286124341826,0.6232892668460716,1.0389489130591227,0.49451532003534093,-0.48989478843875717
0,-0.2366407691855239,0.22622426815944913,-0.26082287239207863,0.5852018702045867,-0.07931952407269591,-0.2290537847823913,0.0308661265361116,-0.8639093091225866,-0.19978381583600308,-0.46905872399719173,-0.544495710793116,-0.20911790091976173,-0.1442085697960992,-0.04796144410959194,0.19056087823293633,-0.19243052739987127,-0.157765745209142,0.18658473102825213,0.441788687852535,-0.45828951414656005
0,-0.2366407691855239,-0.20731365001223223,-0.25518519585824256,0.42011330852633816,-0.5150883065964732,-0.22905378478239133,0.4409527760010232,1.1356001110340832,-0.20463981357654037,-0.28287119599335336,-0.23409281492332287,-0.21011729509436897,0.7407188646108205,0.008335969960768996,-0.0013624801363474326,-0.11203611488464167,-0.157765745209142,0.1785537597402959,0.27574040673141514,-0.45239420672109326
0,0.5585429994816622,-0.28070018082578974,-0.258480662078279,-0.13837174028984583,0.7757336423267325,0.6305852347541105,-0.4591922169723984,-0.8639093091225865,-0.18073569311792947,-0.027684860219366215,0.5247014998950805,-0.19494861045948658,-0.1442085697960992,0.09301784890544798,-0.13543862599831555,0.005356792423268375,-0.157765745209142,0.14894568206226677,-0.0714375303230427,0.7836858971939928
0,-0.2366407691855239,-0.27460175663883757,-0.26098627509205025,0.09894337654947885,-0.2117050291780936,-0.22905378478239127,-0.25428805443473246,1.1356001110340832,-0.19126963646260073,-0.026971558585667788,0.4154357682480098,-0.2058065296736986,-0.14420856979609922,0.30222540432257805,-0.11347382241955248,-0.07552038437169606,0.6380575439346545,-0.8440986718643035,-0.31695089923831404,-0.5020989447717037
0,0.5983363633908508,-0.15275698675822325,1.0401222085070887,0.04476501432370654,-0.3485077009453194,-0.2290537847823913,-0.17909468919996635,0.1568363815373502,-0.21853938572354542,-0.1866152563415308,-0.7914260945074818,-0.2173235165903587,-0.1442085697960992,-0.0996118345815828,-0.034204988189319156,-0.23526732605039874,-0.157765745209142,0.15948817848249836,-0.3831496794973922,-0.4752387780439616
0,0.6298723374233272,-0.24133485493374293,-0.2524412681758533,-0.06384526348287344,-0.40682252716888817,0.25978741653421183,-0.4784394167129589,0.11996496732969934,-0.22192160986421672,-0.1982377250601217,-0.38086240198092297,-0.2158985233905709,-0.1521548829398823,0.7372137727465962,-0.0837037339790697,-0.40859037148037536,0.6903141044105006,0.1469618092499273,-0.49411126072584627,0.24458170333110243
0,-0.2366407691855239,-0.26683258045100133,1.0476008052082837,-0.1424523106529715,-0.31599233228452955,-0.2290537847823913,-0.3350087194589046,-0.8639093091225866,-0.18260697673701443,-0.020023029119543324,-0.6842494440724712,-0.17901777314892459,-0.1442085697960992,-0.20615273487694766,-0.07622722391417132,-0.15454613065068665,-0.157765745209142,0.16584753283019826,-0.47474175583378264,-0.48679131516330737
0,0.3872903205750487,-0.1432674442893838,1.0011237439185103,-0.2991136310782382,0.0038176609584528996,-0.22905378478239133,0.8690085071425901,0.12731215865192727,0.9605628971786578,-0.42901341453608577,0.844688547194024,0.9531019783895164,-0.1442085697960992,0.677942584173803,-0.05794541202372324,0.6252117772244445,-0.157765745209142,0.7867099548732105,0.8282659822568069,-0.4306886957418768
0,0.515961783456102,-0.18723904886800083,-0.2575568528341832,0.03451060702905299,0.0038176609584529,-0.14524776139808024,-0.579280795615493,-0.8639093091225865,-0.18006263639188688,0.8018659274565738,0.4296316299505783,-0.21322937480784998,-0.1442085697960992,-0.02967693521278958,-0.13994480958852198,-0.06419292644714006,-0.157765745209142,0.15822756520421294,-0.43296840815504956,0.7218746478761846
0,0.34379228515978294,-0.21637742198333154,-0.262829096305198,0.3303002567172367,0.6953931054707403,-0.2290537847823913,-0.09995141900342461,0.12572931402849213,-0.19629711091464416,-0.15269443399537394,-0.6882347721052129,-0.2107123399505661,-0.1442085697960992,-0.48923441995385314,0.04872087168466372,-0.16517661803500397,-0.157765745209142,1.0385776194107796,-0.1629287719896548,-0.4626116855575848
0,0.5664073609578898,-0.34783583453540506,-0.2569390734602289,-0.20350915872208666,0.6197326573737093,-0.22905378478239133,-0.5531519302625606,0.0790942039866782,-0.19836301145767596,-0.17171693616110242,0.4758355142917945,-0.22034282278099424,-0.1442085697960992,0.7695399808642258,-0.052526502324503566,0.12601465185772703,0.7482850550048208,0.0543586834510566,-0.3813818356586515,0.29000166567152164
0,0.4178452983066428,-0.28501194995822954,-0.26557937390945446,-0.09423476042830083,-0.10865225804963786,-0.2290537847823913,-0.049677430600992674,0.15505551079145974,-0.20848698398275675,-0.004829411447840604,-0.7516125642641578,-0.21892133401160016,-0.1442085697960992,-0.7449806897281205,-0.026465831570692024,-0.06249297800878398,-0.157765745209142,-0.8428880907572334,-0.3892287673125995,0.04088925649618558
0,-0.2366407691855239,-0.2646400530810236,1.078736243060287,-0.06574395114402566,0.0038176609584528996,-0.22905378478239133,-0.2553284115356027,1.1356001110340832,-0.20502438052285743,0.4317214577399103,0.7989220562383146,-0.22532839477339303,-0.1442085697960992,0.7895732729443132,-0.08833169493070314,-0.08392320217087972,-0.157765745209142,-0.8485997207042687,-0.09725376637431625,-0.41962276082251054
0,0.3027671435729023,-0.28237315283101544,-0.254892202244224,0.08535672166882163,0.7757336423267325,0.5289301781132458,0.31099018356277625,0.057200579734918496,-0.19364192863170934,-0.12198257977946166,0.46693112877781623,-0.2233889439594652,-0.1442085697960992,0.6599019230634752,-0.09227800214783789,-0.1363606370480199,0.6200659804148311,0.04048634551509213,-0.17908204315453702,-0.3976269645826374
0,0.4917908390889314,-0.32083180839889636,-0.25603453169906537,0.5817010377292178,0.7757336423267325,0.4848026555803952,-0.5686574080958717,-0.8639093091225866,-0.22979568146394977,-0.04494057197065054,0.2683029375446271,-0.22654475918950834,-0.1442085697960992,0.23387034700766982,-0.11655506035999874,-0.29860737418942024,0.7295927092932963,0.18110938285715159,-0.4427382293284212,0.32834345007462235
0,0.56001741411131,-0.26292590154800677,-0.2566077528900615,0.3160938043284295,0.6295479848833415,-0.22905378478239133,-0.6705204760812119,0.15198391464464292,-0.19723590932051083,-0.20473377770873033,-0.3903150479202802,-0.22442071371797764,0.7837802000391645,0.0516870145627113,-0.06617726936620709,-0.29347724543809367,0.7075430317660322,0.17925076495300743,-0.4931460466825231,-0.4966753806733936
0,-0.009841862929638697,-0.24715887743207574,1.089058587478999,0.15425368535153197,0.7757336423267325,-0.22905378478239133,0.6954581194936457,1.1356001110340832,-0.19685049675574598,-0.26177871104494593,0.4284441832342059,-0.19749085701549643,-0.1442085697960992,0.1564470700991128,-0.0736299217215254,-0.2518803060847233,-0.157765745209142,-0.8160085788134249,0.599436554983828,-0.34749006898464807
0,0.4685368370353737,-0.2919339390295879,-0.25432710248035867,0.081771260094377,-0.18512890168337684,0.7278991613743618,0.6296123930828998,0.11557122082632897,-0.1621973376876807,-0.30074671821820226,0.9921120426234548,-0.22302163885872273,0.8193984557425179,0.1978564842947026,-0.07499546033910266,-0.3246391582640835,-0.157765745209142,1.030076917218626,0.5129243666810969,0.8303669858267143
0,0.19801256796940575,-0.344504097475596,0.9711201733136333,-0.28499856342187646,0.7757336423267325,0.318264285940712,0.04621626919200066,-0.8639093091225865,0.9215913015732345,-0.10432754416536123,0.7012905758788085,1.0109059048929556,-0.1442085697960992,0.8150614232886244,-0.09508217797333882,0.5653100519435762,0.7058597408731492,0.993663301254735,-0.1113554220021495,0.03290818903778734
0,0.5346165349259692,-0.3283456296864826,0.9581285123579609,0.3983518498692023,-0.5839453261323161,-0.22905378478239133,-0.38020136055631976,0.13976754918724088,-0.19901490489183407,-0.2046435852568834,-0.30427300924036876,-0.22258068351130025,-0.1442085697960992,-0.16726123016546302,-0.12897784139382326,-0.19363719614999922,-0.157765745209142,0.16971022247108777,-0.4930452705072916,-0.3902616927633882
0,0.6212338966166223,-0.1773894860093768,-0.25885124649917857,-0.1264138768180772,-0.49286637997399,-0.2290537847823913,-0.005462759484451596,0.12820099663350515,-0.2112862442745153,-0.16228858689088133,0.07099556549400812,-0.21756318616839324,0.8014107757832738,0.21199868083375,-0.09260025328167501,-0.04588492203978936,-0.157765745209142,1.1209736701572826,-0.06618466459160403,-0.4059071706665038
0,0.5145412101241408,-0.0903872504717475,-0.2628137963052048,-0.1451403093654041,-0.2691210440543949,-0.22905378478239133,0.2612597235343815,1.1356001110340832,-0.2268571144130482,-0.0690471746818288,-0.199170065740929,-0.2173280592631085,0.803327351332022,0.0892845069627281,-0.06835767859518983,0.10964000210487058,-0.157765745209142,0.1704066344741441,0.3137368689012174,-0.4354005620948358
0,-0.2366407691855239,-0.33489852753998584,-0.25797086525203244,-0.3363791553888699,0.7757336423267325,-0.22905378478239133,0.3079177683000453,-0.8639093091225866,1.0127487571921294,-0.21584146851778785,0.5288121591367031,0.9700136190688499,-0.1442085697960992,-0.11620302126736375,0.010736964624730866,0.4864882186654365,-0.157765745209142,0.09139091644794088,0.26093523992864637,0.8067030645506291
0,0.6226123643803362,-0.37264740783204875,1.076881618467158,0.49532719426267063,0.7757336423267325,-0.22905378478239133,-0.2671605314983417,0.09114765836306343,-0.21536988886802277,-0.13994370862098424,0.27973012096148375,-0.22437665337903065,-0.1442085697960992,-0.11982794758296182,-0.12710309931270244,-0.14309433463732948,0.748037843853916,0.2692575938127751,-0.3297495312704924,0.13303897932868497
0,0.5855801208532003,-0.04670927620644457,-0.2571788331029485,0.22150499553711844,0.0038176609584528996,-0.22905378478239133,0.5034121411309543,0.144294846162158,-0.21756080098456695,0.776871269865722,0.8272298445152395,-0.22778642447624753,-0.1442085697960992,0.09173821465093503,-0.12565212596404507,-0.18749831870958059,-0.157765745209142,0.03814910187332424,0.08353871320027295,-0.4640955711511263
0,0.652071978221764,-0.3162090848062586,0.954580007552214,-0.29548974186565763,-0.5020699864468349,0.6374813782298204,-0.16511941071345262,0.07763202459584674,0.9680742531408049,-0.1892034789376371,0.5357764393900938,1.0213967598413418,-0.1442085697960992,0.8499114957399359,-0.021627260721918364,0.4916098021602884,0.6215968920690372,1.1130690483301369,-0.25099731409703097,-0.2881959425477601
0,0.5285860846904917,-0.18033074439823996,-0.25458035829118436,-0.023256491170896634,-0.3783416320767649,0.10651661078681786,-0.42069034897881313,1.1356001110340832,-0.1468443774150804,-0.2381225321405204,0.6263981530024375,-0.2199901931314215,-0.1521548829398823,0.7517425553631818,-0.11138615855219058,0.2327323734757999,0.6528805886730177,0.16219024375708332,-0.39877202544885404,-0.4596022852118023
0,-0.2366407691855239,-0.22264362856813302,-0.2585297359161088,-0.11794477613880887,0.7350566456540206,-0.22905378478239133,-0.5007340860383241,1.1356001110340832,-0.16801269318005244,-0.23710417177319942,0.6488381183594903,-0.21422482940606447,0.7861314703537333,0.43455430054770305,-0.13533524397147245,-0.3209788948497458,-0.157765745209142,0.15563243091403814,-0.28377387519516256,-0.38945502367761947
0,0.2708878214765557,-0.3449426560287576,1.0669343461940546,0.126445698932544,0.7632453153394794,0.392509251679707,-0.1808620170905175,-0.8639093091225866,-0.22799525670949586,-0.20764102371388113,-0.6556264526140064,-0.22255251084378336,0.7906918591319855,0.0242645237284192,-0.07718138410181956,-0.05941914430340511,0.6806286213071159,-0.8476602718345441,-0.4456245061529262,-0.1851785850722251
0,0.5413852267634596,-0.30359218352027334,1.0211774126463526,-0.0015432948863862705,-0.4558511932521534,0.6566935940557092,0.37935154058938175,0.08502026393116575,-0.20176629542646088,-0.25735351907986265,0.8877450465150251,-0.21700846595019163,0.8009535256607139,0.9135987669668261,-0.05613894251476676,-0.15809638786102193,-0.157765745209142,0.4201400465900133,0.5081565452077738,0.7700258002071699
0,0.5052741291211018,-0.2737618292804684,-0.25577662996940076,0.13472330422559084,-0.3226586531248635,-0.019814564251912258,-0.07790962081807846,-0.8639093091225866,-0.19921338194076288,-0.12299709450112478,0.4313672272820831,-0.2180406103495928,0.797527415578032,0.25170471517409565,-0.0846267261452677,-0.16353786208192614,0.7001134472785456,1.062140812193184,-0.15311782012700506,-0.4845471549380947
0,-0.2366407691855239,-0.045832706849592,1.0787798362630117,0.012627361591981101,0.7757336423267325,-0.22905378478239133,0.7806497936620852,-0.8639093091225866,-0.17016235473967758,-0.26584447502045666,0.7015029719555198,-0.18422424396708462,-0.1442085697960992,0.2865853734626051,-0.025062970659017535,-0.14426052795398484,-0.157765745209142,0.10002678773376804,0.3968061291337884,0.8289928913080375
0,0.5659118488583299,-0.223313770161322,-0.25402339445652816,-0.13087658892368664,-0.43257065757112007,-0.2290537847823913,0.0806132159287348,0.1119199789727531,-0.22135521534978936,-0.1394624611825774,0.7981443724366446,-0.20945689521678604,0.8129772468178038,0.268797761189198,-0.09973631046118711,-0.09289903615804201,-0.157765745209142,0.8816295263480504,-0.1357787564689201,0.8303560858574024
0,-0.2366407691855239,-0.1536259904669471,0.9616543126937743,-0.09469878805440647,-0.5585761795053821,-0.22905378478239133,-0.04921701873274323,1.1356001110340832,-0.1851716919012032,-0.21026726697433684,0.854308531157904,-0.18481794820893796,-0.1521548829398823,0.797213734475112,-0.12662919667255315,-0.17810322114750843,-0.157765745209142,0.0769110629685307,-0.22871137423989965,-0.35004740968426606
0,0.4908697248838021,-0.34078143286762513,-0.25668016422777534,-0.04781510848706664,-0.5273720972100602,0.498749685849677,-0.4116405312666354,1.1356001110340832,-0.21527392388112765,-0.2278995013256254,0.4288184652243248,-0.2314455752646558,0.8023803562385169,0.42755222520577146,-0.1314455807410326,-0.3550318681262928,0.6525225878443381,-0.08067873159504287,-0.3974994258691551,0.3663576196000529
0,0.5230088207434984,-0.2811571392527604,-0.25988548833883895,-0.05635648245535913,0.7757336423267325,-0.22905378478239127,-0.11894971215219591,-0.8639093091225866,-0.20620094018312504,-0.04553732820003652,0.21280706818339412,-0.21365209849095096,-0.1442085697960992,0.12853869732479528,-0.012376879487612576,-0.08058163391570046,-0.157765745209142,1.1257452493676177,-0.025984965456003144,-0.4284385191156654
0,-0.2366407691855239,-0.32565175904933463,1.098055624215414,0.015235358053578068,-0.35003361653037474,-0.22905378478239133,-0.5096668781460513,-0.8639093091225866,-0.20115591757226334,-0.18381234210678532,-0.16220086263529251,-0.22610920547812552,0.7892657548430294,0.14708299335383712,-0.13361827204867346,-0.29962867788794906,-0.157765745209142,0.17165084467657454,-0.4389426041888302,-0.49233077552328014
0,0.3864961541691782,-0.21887680175829546,1.0849468180988697,-0.12404486531398073,-0.5517513151208866,-0.22905378478239133,-0.0994487400336669,0.10960410872056535,-0.2181409526667123,-0.20784901747241738,-0.6608429183173005,-0.21862097265119854,0.8035588151520662,-0.14417070328056833,-0.02140017283673683,-0.036351230923845936,-0.157765745209142,1.1244519327035538,-0.41767250399766276,0.1792237224866358
0,0.41938722616521296,-0.35533541181354505,1.0571630076023686,0.2852544499326855,0.7616739785719382,0.28502135074990603,-0.12919294906237408,0.1824614649587807,-0.22184940257688956,-0.20464268602864158,-0.8302782402151937,-0.22543291625867767,0.7938023935264464,-0.1627747850068485,-0.040135295450942965,-0.3146276852786073,0.7358932097058174,-0.8279104891510043,-0.504910456082634,0.06850745200647036
0,-0.2366407691855239,-0.36511048611288327,-0.2583025027823082,0.27095570611659164,0.6817329502462667,0.14288170924818666,-0.5150502037122611,-0.8639093091225866,-0.19656173730840806,-0.2008755859499304,0.27624921217175363,-0.2279050866627134,0.7833315004137504,0.08525928549417441,-0.14495863324546063,-0.28748536430880356,0.6392911258709754,0.18321143495024791,-0.4642281107577975,-0.49077916301263935
0,0.549605364314698,-0.2727074260937886,-0.26114790647293123,0.12066405585286169,0.7757336423267325,-0.2290537847823913,-0.23647743055277876,-0.8639093091225865,-0.19385671887864506,-0.0670695910865036,-0.46195906453948055,-0.21515014392176282,-0.1442085697960992,0.24629321063359497,-0.11866629783191222,-0.24504286574222794,-0.157765745209142,-0.8608677704735065,-0.42545012120545467,0.7307281951657083
0,0.09292511237663391,-0.01374150886041603,-0.25931291007095986,-0.2296872697618917,0.0038176609584528996,-0.22905378478239133,-0.10020465080943464,0.1533895959553251,-0.20183724685897805,0.9842401034492326,0.16014192480250491,-0.1881369571079992,-0.1442085697960992,0.25383358535541706,-0.047089115712797565,0.034038505078754895,-0.157765745209142,0.27078445806463763,-0.10925502818496435,0.8313464883948779
0,0.5232502861282431,-0.22118012503900383,-0.25738073537354433,0.16229349446795308,-0.38323009913203665,0.04105608911597256,0.5410443385890783,-0.8639093091225865,-0.22361156201285573,-0.22709133196776446,0.9185212607510238,-0.21952199919210677,0.7595339693419064,0.29454954695952856,-0.09022123299462448,-0.1973654845938828,-0.157765745209142,-0.0522653770310975,0.20458347848978073,-0.38524853009319615
0,0.05498446579686341,-0.008987807618839511,-0.2613143586317209,-0.11572542953036528,0.7757336423267325,-0.2290537847823913,-0.04502998199544988,0.17170977326711745,-0.1875930543594631,0.06402459706150064,-0.7957016875374946,-0.18094077571268638,-0.1442085697960992,-0.4677100178927134,0.03635724866373638,0.06336771782327061,-0.157765745209142,1.1187846808088409,-0.360382425524883,0.5338710986162603
0,-0.2366407691855239,0.3778059030201488,-0.2614592009862246,-0.06569947754755169,-0.07591593746153706,-0.22905378478239133,-0.21934894314198286,1.1356001110340832,-0.19337898101720866,-0.015374768143709467,-0.7339709788728762,-0.2198616574809139,-0.1442085697960992,-0.38344962736776483,0.07583268187301256,-0.2723052778443822,0.5398234611967626,0.18701193214554135,-0.5170320424596712,0.31039790864284433
0,0.1844446140906735,-0.15292292468629173,-0.25400080878606585,-0.13108450988057713,-0.16621210665249309,-0.2290537847823913,-0.3116870219520453,0.1306136734691169,-0.10527502152229516,-0.14948354215071213,-0.2219332504006237,-0.1730694857308389,0.8090407005941543,0.5932661076090642,-0.053358150918757404,-0.12480627818890118,-0.157765745209142,1.1296759254706843,-0.2822286423848608,-0.3844170850211703
0,-0.2366407691855239,-0.34513398051795824,-0.2577387443894153,-0.17281929478890345,0.7757336423267325,0.6371694577973352,0.5110592964133639,-0.8639093091225866,-0.17268417668843086,-0.17287197221569559,0.6840542098323678,-0.22413809170471075,-0.1442085697960992,0.08525299004545127,-0.1084292335652735,-0.1262591142639096,0.6874612007758457,0.11658520009127443,0.41739164329446554,0.41834376594874256
0,0.56206058965919,-0.31657938648031975,-0.2605985066405571,-0.13263842350777433,-0.4443278442296179,-0.22905378478239133,-0.08001090492119634,0.12866895176755463,-0.20137882288560163,-0.2071714570645048,-0.7489170868883815,-0.15175098886001984,-0.1442085697960992,-0.6615587657208756,-0.01993433850279967,-0.11558942583684913,0.7314943508035121,1.0793488475196271,-0.43723271788988893,0.11638382167885826
0,0.46659179944944196,0.40030840127913053,-0.26370644883259436,-0.14504008372797958,-0.13588068950286847,-0.22905378478239133,0.24934657011015085,1.1356001110340832,-0.2216452334886987,-0.14182029548354555,-0.5177579706553407,-0.21163313274265905,-0.1442085697960992,-0.12702953918195722,0.06942563254797866,-0.1348233125056914,-0.157765745209142,0.2455861553804196,0.7418814903077395,-0.4485302223390561
0,-0.2366407691855239,-0.14951869758365802,-0.258798450562937,-0.14183835836508063,0.0038176609584528996,-0.22905378478239133,0.1839565941244817,-0.8639093091225866,-0.1554426243871371,-0.32043383224823385,-0.31994741578495894,-0.21552711076510778,-0.1442085697960992,0.576813987571451,-0.05386838884057036,-0.19246217979265637,-0.157765745209142,0.18941426035888928,0.03299153677159514,0.8104368529543372
0,0.47541860519171025,0.004808031913948132,-0.25788979131640877,-0.018194791587396505,0.7757336423267325,-0.22905378478239133,0.011423665364959867,0.225209638615368,-0.1799596007576696,-0.1909842920374377,-0.42003734124040165,-0.19002974430216146,-0.1442085697960992,0.39672170012499136,-0.0365788297430945,-0.1993652299365111,-0.157765745209142,0.1779765228022604,0.1531255849063166,-0.4028095660013023
0,0.42442697867598334,-0.03525350214465409,-0.25672581124153665,-0.24160698046323148,0.7757336423267325,0.42685529271213946,-0.31470984832791693,0.1774638689480652,-0.21809932946018387,-0.15070818813317585,-0.5366787855445057,-0.19911887511380577,-0.1442085697960992,-0.029038785122671867,-0.05658454390718176,0.13318447144523216,-0.157765745209142,1.125030149052679,-0.1865444850095123,0.7957816723889573
0,0.4960769322741058,-0.26861839103834145,-0.2583850709221294,0.47926898977796956,-0.20285914920787973,0.6901172760644187,-0.11747191561056049,0.0773720841927461,-0.20748759906048916,-0.22917647743857086,0.31256628438599426,-0.2198715508913398,-0.1442085697960992,-0.18132532089423223,-0.028348053184416133,-0.2563886201679486,-0.157765745209142,1.1176967137265519,0.24862786192158928,-0.3926460533882601
0,0.08621159689585017,-0.24445304486435138,-0.26530647378162575,-0.2087058445453447,0.004355183073872734,-0.22905378478239133,0.007713879975753697,0.12031486823824866,-0.20406993243887786,0.11343792432363743,-0.3296569299831616,-0.20961885445497644,-0.1442085697960992,-0.1559308482516273,-0.07564975574953843,0.13563936242323735,-0.157765745209142,1.0692324144299779,-0.1524808067202804,0.7824937725468469
0,-0.2366407691855239,-0.331213515067271,-0.26176853769702174,0.25483797709692907,-0.4135578148061345,-0.22905378478239133,-0.3766822430319312,-0.8639093091225866,-0.2128455349290775,-0.12755085600928687,0.46934988186090587,-0.20269194937978155,-0.1521548829398823,-0.59330906641085,-0.07103609333254643,0.06536717216088468,-0.157765745209142,0.17770755282512019,0.20245148925350753,-0.446051642374046
0,-0.2366407691855239,-0.22898474300291705,1.0611848885717092,0.0048508347805423955,0.7757336423267325,0.597989578411772,-0.1369468729552776,1.1356001110340832,-0.16216424740127205,-0.1124788672254246,0.5954755340603793,-0.21700906487071533,-0.1442085697960992,-0.05741770302857633,-0.10590482443539787,-0.13318614811046503,-0.157765745209142,0.12580056920662755,-0.09444727444123266,0.16152878016439715
0,0.09281327949015906,-0.271246005590627,-0.2581069470104027,0.15814035092007467,-0.5055639588244344,0.6842344235758846,0.3302533039805735,0.04118383822375953,-0.22227854658960533,-0.30126500817049034,0.985182601418613,-0.19080515343982965,-0.1442085697960992,0.49423881312715506,-5.711580316554674e-05,-0.21206262173300303,0.5824716758939533,1.0173589818800945,0.6241077673247358,-0.48283919486154475
0,0.39359053220828444,-0.3423715083898358,-0.2620835654616273,0.656721056735775,-0.4664924499861787,-0.08438363250644225,-0.011834508934516133,0.15494237480317272,-0.21948122411100682,-0.1490112652195376,-0.7840257191373533,-0.22436889539856533,0.811768940946935,-0.4101193177571094,-0.050111615741899006,-0.026190735870841458,0.7462225489552535,1.0790630993123458,-0.30532863453225595,0.13125208176734707
0,0.15069708256942085,-0.24919827071867756,-0.2622086183436963,0.40066249101025164,-0.28543348812192104,-0.2290537847823913,-0.008545617767365959,0.14002062526626116,-0.21564903339867544,-0.06349331438033509,-0.583736284874214,-0.20184707753986042,-0.1442085697960992,-0.018463957521862685,-0.008859375709741098,-0.33330978479048495,-0.157765745209142,1.0910049915322548,-0.10370300663022787,-0.4785085471644212
0,-0.2366407691855239,-0.23806643975926947,1.0255524454482823,0.45321566368202476,-0.5313631360887062,-0.22905378478239133,0.7971049377115764,1.1356001110340832,-0.22913997941987074,-0.3420458173266092,0.619801194739026,-0.22471020139161815,-0.1442085697960992,0.2592600724256205,0.0609983675145341,-0.24147407483051564,-0.157765745209142,0.20612520251802027,0.8050390596121039,0.828149082702312
0,0.22150132435249503,-0.24148932600656756,1.0805946171102991,0.24498370099083142,-0.19131558134651971,-0.22905378478239133,0.6158345385268099,0.05663918375499077,-0.20112841421800934,-0.33357454130024805,0.8963724678967285,-0.2212362422850298,-0.1521548829398823,0.6047746697853398,-0.07400092679220623,-0.1575057687434198,-0.157765745209142,1.1138081598770289,0.7201260489415992,-0.3718758363649748
0,0.09251608997860723,0.3097784050494805,-0.2581069328953972,-0.025285527944494623,0.0038176609584529,-0.2290537847823913,-0.06107367771757817,0.25088116806580885,-0.19742398977937176,0.8960564697097086,-0.39006360742650037,-0.19053752669491894,-0.1442085697960992,0.18941932106235798,-0.043948916726113826,-0.3265962979409254,-0.157765745209142,0.18397560837699894,-0.08779169260327067,-0.4033526282945217
0,-0.2366407691855239,-0.2735727110542607,0.9896605725224386,-0.19920587100490864,-0.4848554613931193,0.32627946125787033,-0.490162621989877,-0.8639093091225866,0.9200520845381778,-0.20719234810256104,-0.23285738656709368,0.9590000091020162,-0.1521548829398823,0.4564682878364961,-0.10586894487081648,0.5397099746859189,-0.157765745209142,0.06266443483303873,-0.5302745796270284,-0.4750580446206802
0,0.09165661010842717,-0.2024618868919179,-0.26037795484979465,-0.1299504600904574,0.7757336423267325,0.3530685332713819,0.4336718666176796,0.10413882697393805,-0.1859859942990144,-0.076708633876352,-0.12613576720560585,-0.20605906720708908,-0.1442085697960992,0.43171638414078845,-0.08719297095314144,-0.23311692976050133,-0.157765745209142,-0.8584977468781055,-0.16055296543732245,-0.46701302527936256
0,0.19920995099258382,-0.36184133705766575,1.0061759241966102,0.40475856125475695,-0.532170065059661,-0.2290537847823913,-0.23487092454482572,0.056725696586899375,-0.19781944481521324,-0.2130540125064722,0.7144995294139073,-0.21696147567498436,-0.1442085697960992,0.1827738187242302,-0.12501411995189649,-0.34153206391013397,0.7272850320916451,-0.8313580167765009,-0.22532567799082262,0.2875202314471098
0,0.41466730933615303,-0.34491699520477576,0.960741129715213,-0.23490297778734917,0.7757336423267325,0.7229423433803461,0.045561819847143685,0.0755881707667722,0.766990022257566,-0.12046501400317548,0.7548687547751167,0.9604144883523423,-0.1442085697960992,0.7972268079095769,-0.127473819468737,0.5754566286291406,0.6439376689371998,-0.8488771509503072,-0.21318793997701913,-0.14149348656827726
0,-0.2366407691855239,-0.23894752787018803,1.0131943340392147,-0.06351195582445666,0.7757336423267325,-0.22905378478239133,0.4980423132647101,-0.8639093091225866,-0.2091030900279851,-0.22466398554204123,-0.6148297360351251,-0.2156116371952145,-0.1442085697960992,-0.3550569751836327,0.015574437984794002,-0.2961287386042389,-0.157765745209142,-0.8409335622524677,0.35625118341111434,-0.4748079728604399
0,-0.2366407691855239,-0.35147263459902295,-0.25864695830534373,-0.18255125979851783,-0.12592866592106358,-0.22905378478239133,-0.4210047046242964,-0.8639093091225866,-0.1921219963779726,-0.1078102847075507,0.5327204021242998,-0.19983736494210094,0.7851823095600178,0.7648599418381048,-0.14936356247188654,0.04904471101900526,0.6746800328178031,0.13932960162693225,-0.3815515177505017,0.4295912936538582
0,0.2800966689721468,-0.27423722143794355,-0.2508374391595965,-0.13173847911789047,-0.4790485040104231,0.6912941399229818,0.4667005654893111,0.07159400956112467,-0.17524776366869346,-0.3282015930846776,-0.0362862769855431,-0.21292595820882645,-0.1442085697960992,0.755078971306034,-0.0163015495060724,-0.022187557728380936,-0.157765745209142,-0.855292371581282,0.1538000738242069,-0.4672130775867136
0,0.6387999228871474,-0.1967410628196816,-0.2531058890260124,-0.18357550728893865,0.0038176609584528996,-0.22905378478239133,-0.36909347054775665,0.13285258723719626,-0.1900757253475057,0.661823664313431,-0.7206693361531856,-0.1915560984985747,-0.1442085697960992,-0.46266998729362796,-0.07267121870756826,0.0009219776138714997,0.47330323534521423,0.18227482549229204,-0.4978881346798309,-0.48077879359006026
0,0.5898824584023162,-0.18392489415657623,-0.2560760759390604,0.6188474109628647,0.7757336423267325,-0.22905378478239133,-0.29659223168644927,0.13581909113698482,-0.22335706524959384,-0.11858594480640967,0.20984913407861602,-0.2043859311324936,-0.1442085697960992,0.6236649440549777,-0.12162548445707283,-0.34364973195268433,-0.157765745209142,0.0973888722790164,-0.3088928815013536,0.8334586428447132
0,-0.2366407691855239,-0.292544105941068,-0.25969150074987724,0.33774128633821254,-0.4754491295013148,-0.22905378478239133,0.041371451497031066,-0.8639093091225866,-0.22739566915958856,-0.20456196249206648,0.19245846881708073,-0.21138130852597636,0.7997068553241892,0.07342015388582827,-0.08342836789829648,0.1308788258522844,-0.157765745209142,1.1062304776390555,0.22547070157969565,0.6578642242233617
0,0.2837716187306685,-0.023248903378896096,-0.2569882073168008,-0.2935800503137857,-0.26188558737946616,-0.22905378478239133,0.20292273091543125,0.17148867928448494,0.9590596816398319,-0.09040901252122706,-0.38089599913766187,0.9715298665704916,-0.1521548829398823,0.7970793188652703,-0.006623818146786667,0.5367379541867345,-0.157765745209142,1.1249741014300125,-0.11410776217030683,0.8051481720104405
0,-0.2366407691855239,-0.3197199465692015,0.9496533105840631,-0.22492923359791747,-0.2488536367901701,0.0735678338704109,-0.6444779896026281,-0.8639093091225866,0.9418325697420832,-0.12050546574633635,0.10269156025456233,0.9562438752259507,-0.1442085697960992,0.44899188914370675,-0.13223505519564924,0.5321305770670647,0.684686110272929,0.11273723638950094,-0.5409502909320388,0.44222914732306845
0,0.06559862901224804,-0.2812202424533566,-0.25781442268220345,0.21915916091494014,-0.21959203813639783,-0.22905378478239133,-0.45508018922568705,0.04334786843083004,-0.2279054568627692,-0.14327490916794725,-0.0328425108278624,-0.22627561005582544,0.8171977080622437,0.9610280184876155,-0.12831900553849604,-0.376311304079314,-0.157765745209142,0.12138349440732925,-0.31060095186696735,-0.30549060559698454
0,0.08520067435319667,-0.14494897727293152,-0.26452188905034746,-0.16154609983425142,-0.010776815429572068,-0.22905378478239133,-0.028530640260086237,0.17928697118027168,-0.2139842271339094,-0.10599677193964929,-0.762187992787081,-0.2214899548205277,0.8089215164406273,-0.21227799432968528,0.011431828582735037,-0.21205639669693385,0.6623666011986221,0.2503377243386453,-0.4368733209147701,0.22628197148596887
0,-0.2366407691855239,0.2128111672384331,-0.2579070610822611,-0.02810491102369007,-0.28895699323756646,0.4940254462850304,-0.3091540286070964,1.1356001110340832,-0.2001739605271505,-0.3103566684112174,0.5528462603557337,-0.22709238846809174,0.7909677542900199,0.3145021473463914,0.021795590380651667,-0.07540949400627707,-0.157765745209142,1.1151778256013345,0.22946208283715086,0.7117702909822148
0,0.546319690329086,-0.21612344037728395,1.0936139837032537,0.326666775071883,-0.48001696283737433,-0.22905378478239133,0.11190309731361726,0.13454035052269073,-0.20630979751786557,-0.12314856338875013,0.8790949444286834,-0.20310888131233518,-0.1521548829398823,0.9331582568162612,-0.0874742704123021,0.018135171619297355,-0.157765745209142,0.16342997035260295,0.09750673999339236,-0.32231023443196805
0,0.0929150329663762,-0.11005183460440722,-0.25685390218948495,-0.1517476011920047,-0.46633045779973714,-0.22905378478239133,-0.3267714347429751,0.10034762847306677,-0.22310942497834563,-0.12956062288073608,-0.4315619068247569,-0.2144388525673823,-0.1442085697960992,0.782358079339,-0.08741040995462324,-0.24073506012513982,-0.157765745209142,0.1638194129929549,-0.4687152993790839,-0.32025158152624217
